Selection,View,Channel,Begin Time (s),End Time (s),Low Freq (Hz),High Freq (Hz),Begin Date,Begin Hour,Begin Date Time,Begin Path,Begin File,File Offset (s),Delta Time (s),Energy,Tag,Notes,publicid
1,Spectrogram 1,1,745322.795,745392.795,3.2,140.5,1/27/2016,17,02:02.8,E:\L7910_NZ01_20160119\L7910_NZ01_002K_AIFF\L7910NZ01_002K_M05_20160127\L7910NZ01_002K_M05_multi_20160127_170000Z.aif,L7910NZ01_002K_M05_multi_20160127_170000Z.aif,122.795,70,10.869,EQ,,2016p072185
2,Spectrogram 1,2,745322.236,745392.236,0,142.1,1/27/2016,17,02:02.2,E:\L7910_NZ01_20160119\L7910_NZ01_002K_AIFF\L7910NZ01_002K_M05_20160127\L7910NZ01_002K_M05_multi_20160127_170000Z.aif,L7910NZ01_002K_M05_multi_20160127_170000Z.aif,122.236,70,16.026,EQ,,2016p072185
2,Spectrogram 1,5,745322.236,745392.236,0,142.1,1/27/2016,17,02:02.2,E:\L7910_NZ01_20160119\L7910_NZ01_002K_AIFF\L7910NZ01_002K_M05_20160127\L7910NZ01_002K_M05_multi_20160127_170000Z.aif,L7910NZ01_002K_M05_multi_20160127_170000Z.aif,122.236,70,14.745,EQ,,2016p072185
3,Spectrogram 1,3,745322.795,745392.795,0,142.1,1/27/2016,17,02:02.8,E:\L7910_NZ01_20160119\L7910_NZ01_002K_AIFF\L7910NZ01_002K_M05_20160127\L7910NZ01_002K_M05_multi_20160127_170000Z.aif,L7910NZ01_002K_M05_multi_20160127_170000Z.aif,122.795,70,26.63,EQ,,2016p072185
3,Spectrogram 1,4,745322.795,745392.795,0,142.1,1/27/2016,17,02:02.8,E:\L7910_NZ01_20160119\L7910_NZ01_002K_AIFF\L7910NZ01_002K_M05_20160127\L7910NZ01_002K_M05_multi_20160127_170000Z.aif,L7910NZ01_002K_M05_multi_20160127_170000Z.aif,122.795,70,23.797,EQ,,2016p072185
6,Spectrogram 1,1,865346.8319,865451.925,0,140.9,1/29/2016,2,22:26.8,E:\L7910_NZ01_20160119\L7910_NZ01_002K_AIFF\L7910NZ01_002K_M05_20160129\L7910NZ01_002K_M05_multi_20160129_021500Z.aif,L7910NZ01_002K_M05_multi_20160129_021500Z.aif,446.832,105.0931,17.224,EQ,,2016p075939
7,Spectrogram 1,2,865335.0928,865449.689,0,148.2,1/29/2016,2,22:15.1,E:\L7910_NZ01_20160119\L7910_NZ01_002K_AIFF\L7910NZ01_002K_M05_20160129\L7910NZ01_002K_M05_multi_20160129_021500Z.aif,L7910NZ01_002K_M05_multi_20160129_021500Z.aif,435.093,114.5962,24.218,EQ,,2016p075939
8,Spectrogram 1,3,865326.7077,865451.925,0,146.3,1/29/2016,2,22:06.7,E:\L7910_NZ01_20160119\L7910_NZ01_002K_AIFF\L7910NZ01_002K_M05_20160129\L7910NZ01_002K_M05_multi_20160129_021500Z.aif,L7910NZ01_002K_M05_multi_20160129_021500Z.aif,426.7075,125.2173,38.468,EQ,,2016p075939
9,Spectrogram 1,4,865334.5338,865453.043,0,140.9,1/29/2016,2,22:14.5,E:\L7910_NZ01_20160119\L7910_NZ01_002K_AIFF\L7910NZ01_002K_M05_20160129\L7910NZ01_002K_M05_multi_20160129_021500Z.aif,L7910NZ01_002K_M05_multi_20160129_021500Z.aif,434.534,118.5093,28.92,EQ,,2016p075939
10,Spectrogram 1,5,865341.8008,865452.484,1.8,144.5,1/29/2016,2,22:21.8,E:\L7910_NZ01_20160119\L7910_NZ01_002K_AIFF\L7910NZ01_002K_M05_20160129\L7910NZ01_002K_M05_multi_20160129_021500Z.aif,L7910NZ01_002K_M05_multi_20160129_021500Z.aif,441.801,110.6832,19.111,EQ,,2016p075939
11,Spectrogram 1,1,1156041.866,1156135.547,0,150,2/1/2016,11,07:21.9,E:\L7910_NZ01_20160119\L7910_NZ01_002K_AIFF\L7910NZ01_002K_M05_20160201\L7910NZ01_002K_M05_multi_20160201_110000Z.aif,L7910NZ01_002K_M05_multi_20160201_110000Z.aif,441.8665,93.6806,9.017,EQ,,2016p085032
12,Spectrogram 1,2,1156040.913,1156149.919,0,144.1,2/1/2016,11,07:20.9,E:\L7910_NZ01_20160119\L7910_NZ01_002K_AIFF\L7910NZ01_002K_M05_20160201\L7910NZ01_002K_M05_multi_20160201_110000Z.aif,L7910NZ01_002K_M05_multi_20160201_110000Z.aif,440.913,109.0062,20.373,EQ,,2016p085032
13,Spectrogram 1,3,1156043.149,1156140.416,0,141,2/1/2016,11,07:23.1,E:\L7910_NZ01_20160119\L7910_NZ01_002K_AIFF\L7910NZ01_002K_M05_20160201\L7910NZ01_002K_M05_multi_20160201_110000Z.aif,L7910NZ01_002K_M05_multi_20160201_110000Z.aif,443.149,97.2671,32.047,EQ,,2016p085032
14,Spectrogram 1,4,1156042.59,1156149.919,0,147.1,2/1/2016,11,07:22.6,E:\L7910_NZ01_20160119\L7910_NZ01_002K_AIFF\L7910NZ01_002K_M05_20160201\L7910NZ01_002K_M05_multi_20160201_110000Z.aif,L7910NZ01_002K_M05_multi_20160201_110000Z.aif,442.59,107.3292,25.561,EQ,,2016p085032
15,Spectrogram 1,5,1156048.739,1156159.981,0,147.1,2/1/2016,11,07:28.7,E:\L7910_NZ01_20160119\L7910_NZ01_002K_AIFF\L7910NZ01_002K_M05_20160201\L7910NZ01_002K_M05_multi_20160201_110000Z.aif,L7910NZ01_002K_M05_multi_20160201_110000Z.aif,448.739,111.2422,11.684,EQ,,2016p085032
16,Spectrogram 1,2,1200785.075,1200879.547,0,144,2/1/2016,23,33:05.1,E:\L7910_NZ01_20160119\L7910_NZ01_002K_AIFF\L7910NZ01_002K_M05_20160201\L7910NZ01_002K_M05_multi_20160201_233000Z.aif,L7910NZ01_002K_M05_multi_20160201_233000Z.aif,185.0745,94.472,16.352,EQ,,2016p086432
17,Spectrogram 1,3,1200787.87,1200899.671,0,141.9,2/1/2016,23,33:07.9,E:\L7910_NZ01_20160119\L7910_NZ01_002K_AIFF\L7910NZ01_002K_M05_20160201\L7910NZ01_002K_M05_multi_20160201_233000Z.aif,L7910NZ01_002K_M05_multi_20160201_233000Z.aif,187.8695,111.8012,25.853,EQ,,2016p086432
18,Spectrogram 1,4,1200788.429,1200880.665,0,146,2/1/2016,23,33:08.4,E:\L7910_NZ01_20160119\L7910_NZ01_002K_AIFF\L7910NZ01_002K_M05_20160201\L7910NZ01_002K_M05_multi_20160201_233000Z.aif,L7910NZ01_002K_M05_multi_20160201_233000Z.aif,188.4285,92.236,18.313,EQ,,2016p086432
19,Spectrogram 1,1,1809668.988,1809850.665,0,142,2/9/2016,0,41:09.0,E:\L7910_NZ01_20160119\L7910_NZ01_002K_AIFF\L7910NZ01_002K_M05_20160209\L7910NZ01_002K_M05_multi_20160209_003000Z.aif,L7910NZ01_002K_M05_multi_20160209_003000Z.aif,668.9875,181.677,38.138,EQ,,2016p105478
20,Spectrogram 1,2,1809665.075,1809760.665,0,144,2/9/2016,0,41:05.1,E:\L7910_NZ01_20160119\L7910_NZ01_002K_AIFF\L7910NZ01_002K_M05_20160209\L7910NZ01_002K_M05_multi_20160209_003000Z.aif,L7910NZ01_002K_M05_multi_20160209_003000Z.aif,665.0745,95.5901,43.029,EQ,,2016p105478
21,Spectrogram 1,3,1809656.13,1809760.665,0,145.9,2/9/2016,0,40:56.1,E:\L7910_NZ01_20160119\L7910_NZ01_002K_AIFF\L7910NZ01_002K_M05_20160209\L7910NZ01_002K_M05_multi_20160209_003000Z.aif,L7910NZ01_002K_M05_multi_20160209_003000Z.aif,656.1305,104.5342,45.851,EQ,,2016p105478
22,Spectrogram 1,4,1809653.894,1809770.727,0,146,2/9/2016,0,40:53.9,E:\L7910_NZ01_20160119\L7910_NZ01_002K_AIFF\L7910NZ01_002K_M05_20160209\L7910NZ01_002K_M05_multi_20160209_003000Z.aif,L7910NZ01_002K_M05_multi_20160209_003000Z.aif,653.8945,116.8323,46,EQ,,2016p105478
23,Spectrogram 1,5,1809655.012,1809725.447,0,174,2/9/2016,0,40:55.0,E:\L7910_NZ01_20160119\L7910_NZ01_002K_AIFF\L7910NZ01_002K_M05_20160209\L7910NZ01_002K_M05_multi_20160209_003000Z.aif,L7910NZ01_002K_M05_multi_20160209_003000Z.aif,655.0125,70.4348,41.978,EQ,,2016p105478
24,Spectrogram 1,2,1984746.193,1984819.981,0,162,2/11/2016,1,19:06.2,E:\L7910_NZ01_20160119\L7910_NZ01_002K_AIFF\L7910NZ01_002K_M05_20160211\L7910NZ01_002K_M05_multi_20160211_011500Z.aif,L7910NZ01_002K_M05_multi_20160211_011500Z.aif,246.1925,73.7888,27.286,EQ,,2016p110956
25,Spectrogram 1,3,1984736.689,1984819.981,0,143.9,2/11/2016,1,18:56.7,E:\L7910_NZ01_20160119\L7910_NZ01_002K_AIFF\L7910NZ01_002K_M05_20160211\L7910NZ01_002K_M05_multi_20160211_011500Z.aif,L7910NZ01_002K_M05_multi_20160211_011500Z.aif,236.6895,83.2919,40.054,EQ,,2016p110956
26,Spectrogram 1,4,1984751.783,1984821.658,0,146,2/11/2016,1,19:11.8,E:\L7910_NZ01_20160119\L7910_NZ01_002K_AIFF\L7910NZ01_002K_M05_20160211\L7910NZ01_002K_M05_multi_20160211_011500Z.aif,L7910NZ01_002K_M05_multi_20160211_011500Z.aif,251.7825,69.8758,28.664,EQ,,2016p110956
27,Spectrogram 1,1,1984761.286,1984840.106,0,142,2/11/2016,1,19:21.3,E:\L7910_NZ01_20160119\L7910_NZ01_002K_AIFF\L7910NZ01_002K_M05_20160211\L7910NZ01_002K_M05_multi_20160211_011500Z.aif,L7910NZ01_002K_M05_multi_20160211_011500Z.aif,261.2855,78.8199,15.011,EQ,,2016p110956
28,Spectrogram 1,5,1984762.963,1984850.168,0,148,2/11/2016,1,19:23.0,E:\L7910_NZ01_20160119\L7910_NZ01_002K_AIFF\L7910NZ01_002K_M05_20160211\L7910NZ01_002K_M05_multi_20160211_011500Z.aif,L7910NZ01_002K_M05_multi_20160211_011500Z.aif,262.9625,87.205,15.199,EQ,,2016p110956
29,Spectrogram 1,1,2444823.77,2444900.354,0,144,2/16/2016,9,07:03.8,E:\L7910_NZ01_20160119\L7910_NZ01_002K_AIFF\L7910NZ01_002K_M05_20160216\L7910NZ01_002K_M05_multi_20160216_090000Z.aif,L7910NZ01_002K_M05_multi_20160216_090000Z.aif,423.77,76.5839,13.691,EQ,,2016p125347
30,Spectrogram 1,2,2444809.795,2444900.354,0,144,2/16/2016,9,06:49.8,E:\L7910_NZ01_20160119\L7910_NZ01_002K_AIFF\L7910NZ01_002K_M05_20160216\L7910NZ01_002K_M05_multi_20160216_090000Z.aif,L7910NZ01_002K_M05_multi_20160216_090000Z.aif,409.795,90.559,22.455,EQ,,2016p125347
31,Spectrogram 1,3,2444803.087,2444899.795,0,145.9,2/16/2016,9,06:43.1,E:\L7910_NZ01_20160119\L7910_NZ01_002K_AIFF\L7910NZ01_002K_M05_20160216\L7910NZ01_002K_M05_multi_20160216_090000Z.aif,L7910NZ01_002K_M05_multi_20160216_090000Z.aif,403.087,96.7081,38.159,EQ,,2016p125347
32,Spectrogram 1,4,2444814.826,2444881.907,0,140,2/16/2016,9,06:54.8,E:\L7910_NZ01_20160119\L7910_NZ01_002K_AIFF\L7910NZ01_002K_M05_20160216\L7910NZ01_002K_M05_multi_20160216_090000Z.aif,L7910NZ01_002K_M05_multi_20160216_090000Z.aif,414.826,67.0807,21.825,EQ,,2016p125347
33,Spectrogram 1,5,2444826.006,2444894.764,0,148,2/16/2016,9,07:06.0,E:\L7910_NZ01_20160119\L7910_NZ01_002K_AIFF\L7910NZ01_002K_M05_20160216\L7910NZ01_002K_M05_multi_20160216_090000Z.aif,L7910NZ01_002K_M05_multi_20160216_090000Z.aif,426.006,68.7578,8.085,EQ,,2016p125347
34,Spectrogram 1,3,2499890.727,2499960.602,0,148,2/17/2016,0,24:50.7,E:\L7910_NZ01_20160119\L7910_NZ01_002K_AIFF\L7910NZ01_002K_M05_20160217\L7910NZ01_002K_M05_multi_20160217_001500Z.aif,L7910NZ01_002K_M05_multi_20160217_001500Z.aif,590.7265,69.8758,18.664,EQ,,2016p127070
35,Spectrogram 1,4,2499893.522,2499960.602,0,148,2/17/2016,0,24:53.5,E:\L7910_NZ01_20160119\L7910_NZ01_002K_AIFF\L7910NZ01_002K_M05_20160217\L7910NZ01_002K_M05_multi_20160217_001500Z.aif,L7910NZ01_002K_M05_multi_20160217_001500Z.aif,593.5215,67.0807,10.357,EQ,,2016p127070
36,Spectrogram 1,3,2535124.329,2535188.056,0,141.9,2/17/2016,10,12:04.3,E:\L7910_NZ01_20160119\L7910_NZ01_002K_AIFF\L7910NZ01_002K_M05_20160217\L7910NZ01_002K_M05_multi_20160217_100000Z.aif,L7910NZ01_002K_M05_multi_20160217_100000Z.aif,724.329,63.7267,17.807,EQ,,2016p128172
37,Spectrogram 1,4,2535126.006,2535186.938,0,142,2/17/2016,10,12:06.0,E:\L7910_NZ01_20160119\L7910_NZ01_002K_AIFF\L7910NZ01_002K_M05_20160217\L7910NZ01_002K_M05_multi_20160217_100000Z.aif,L7910NZ01_002K_M05_multi_20160217_100000Z.aif,726.006,60.9317,11.616,EQ,,2016p128172
38,Spectrogram 1,1,2573298.491,2573378.988,0,144,2/17/2016,20,48:18.5,E:\L7910_NZ01_20160119\L7910_NZ01_002K_AIFF\L7910NZ01_002K_M05_20160217\L7910NZ01_002K_M05_multi_20160217_204500Z.aif,L7910NZ01_002K_M05_multi_20160217_204500Z.aif,198.4905,80.4969,12.512,EQ,,2016p129367
39,Spectrogram 1,4,2573297.373,2573360.54,0,144,2/17/2016,20,48:17.4,E:\L7910_NZ01_20160119\L7910_NZ01_002K_AIFF\L7910NZ01_002K_M05_20160217\L7910NZ01_002K_M05_multi_20160217_204500Z.aif,L7910NZ01_002K_M05_multi_20160217_204500Z.aif,197.3725,63.1677,17.251,EQ,,2016p129367
40,Spectrogram 1,5,2573306.876,2573370.602,0,144,2/17/2016,20,48:26.9,E:\L7910_NZ01_20160119\L7910_NZ01_002K_AIFF\L7910NZ01_002K_M05_20160217\L7910NZ01_002K_M05_multi_20160217_204500Z.aif,L7910NZ01_002K_M05_multi_20160217_204500Z.aif,206.876,63.7267,9.296,EQ,,2016p129367
41,Spectrogram 1,1,2941920.416,2942019.919,0,134,2/22/2016,3,12:00.4,E:\L7910_NZ01_20160119\L7910_NZ01_002K_AIFF\L7910NZ01_002K_M05_20160222\L7910NZ01_002K_M05_multi_20160222_030000Z.aif,L7910NZ01_002K_M05_multi_20160222_030000Z.aif,720.416,99.5031,17.794,EQ,,2016p140897
42,Spectrogram 1,2,2941907.559,2942000.354,0,148,2/22/2016,3,11:47.6,E:\L7910_NZ01_20160119\L7910_NZ01_002K_AIFF\L7910NZ01_002K_M05_20160222\L7910NZ01_002K_M05_multi_20160222_030000Z.aif,L7910NZ01_002K_M05_multi_20160222_030000Z.aif,707.559,92.795,22.532,EQ,,2016p140897
43,Spectrogram 1,3,2941899.733,2942000.354,0,143.9,2/22/2016,3,11:39.7,E:\L7910_NZ01_20160119\L7910_NZ01_002K_AIFF\L7910NZ01_002K_M05_20160222\L7910NZ01_002K_M05_multi_20160222_030000Z.aif,L7910NZ01_002K_M05_multi_20160222_030000Z.aif,699.733,100.6211,34.092,EQ,,2016p140897
44,Spectrogram 1,4,2941903.087,2941999.795,0,142,2/22/2016,3,11:43.1,E:\L7910_NZ01_20160119\L7910_NZ01_002K_AIFF\L7910NZ01_002K_M05_20160222\L7910NZ01_002K_M05_multi_20160222_030000Z.aif,L7910NZ01_002K_M05_multi_20160222_030000Z.aif,703.087,96.7081,26.218,EQ,,2016p140897
45,Spectrogram 1,5,2941912.59,2942000.354,0,142,2/22/2016,3,11:52.6,E:\L7910_NZ01_20160119\L7910_NZ01_002K_AIFF\L7910NZ01_002K_M05_20160222\L7910NZ01_002K_M05_multi_20160222_030000Z.aif,L7910NZ01_002K_M05_multi_20160222_030000Z.aif,712.59,87.764,21.522,EQ,,2016p140897
46,Spectrogram 1,1,3030038.981,3030099.913,0,144,2/23/2016,3,40:39.0,E:\L7910_NZ01_20160119\L7910_NZ01_002K_AIFF\L7910NZ01_002K_M05_20160223\L7910NZ01_002K_M05_multi_20160223_033000Z.aif,L7910NZ01_002K_M05_multi_20160223_033000Z.aif,638.9815,60.9317,8.609,EQ,,2016p143653
47,Spectrogram 1,2,3030036.186,3030101.59,0,142,2/23/2016,3,40:36.2,E:\L7910_NZ01_20160119\L7910_NZ01_002K_AIFF\L7910NZ01_002K_M05_20160223\L7910NZ01_002K_M05_multi_20160223_033000Z.aif,L7910NZ01_002K_M05_multi_20160223_033000Z.aif,636.1865,65.4037,16.653,EQ,,2016p143653
48,Spectrogram 1,3,3030036.186,3030140.161,0,145.9,2/23/2016,3,40:36.2,E:\L7910_NZ01_20160119\L7910_NZ01_002K_AIFF\L7910NZ01_002K_M05_20160223\L7910NZ01_002K_M05_multi_20160223_033000Z.aif,L7910NZ01_002K_M05_multi_20160223_033000Z.aif,636.1865,103.9752,23.591,EQ,,2016p143653
49,Spectrogram 1,4,3030033.95,3030109.975,0,144,2/23/2016,3,40:33.9,E:\L7910_NZ01_20160119\L7910_NZ01_002K_AIFF\L7910NZ01_002K_M05_20160223\L7910NZ01_002K_M05_multi_20160223_033000Z.aif,L7910NZ01_002K_M05_multi_20160223_033000Z.aif,633.9505,76.0248,24.712,EQ,,2016p143653
50,Spectrogram 1,5,3030038.422,3030120.037,0,144,2/23/2016,3,40:38.4,E:\L7910_NZ01_20160119\L7910_NZ01_002K_AIFF\L7910NZ01_002K_M05_20160223\L7910NZ01_002K_M05_multi_20160223_033000Z.aif,L7910NZ01_002K_M05_multi_20160223_033000Z.aif,638.4225,81.6149,10.761,EQ,,2016p143653
51,Spectrogram 1,1,3113570.907,3113649.727,0,146,2/24/2016,2,52:50.9,E:\L7910_NZ01_20160119\L7910_NZ01_002K_AIFF\L7910NZ01_002K_M05_20160224\L7910NZ01_002K_M05_multi_20160224_024500Z.aif,L7910NZ01_002K_M05_multi_20160224_024500Z.aif,470.907,78.8199,26.863,EQ,,2016p146267
52,Spectrogram 1,2,3113580.41,3113660.348,0,146,2/24/2016,2,53:00.4,E:\L7910_NZ01_20160119\L7910_NZ01_002K_AIFF\L7910NZ01_002K_M05_20160224\L7910NZ01_002K_M05_multi_20160224_024500Z.aif,L7910NZ01_002K_M05_multi_20160224_024500Z.aif,480.41,79.9379,14.724,EQ,,2016p146267
53,Spectrogram 1,3,3113587.677,3113649.727,0,143.9,2/24/2016,2,53:07.7,E:\L7910_NZ01_20160119\L7910_NZ01_002K_AIFF\L7910NZ01_002K_M05_20160224\L7910NZ01_002K_M05_multi_20160224_024500Z.aif,L7910NZ01_002K_M05_multi_20160224_024500Z.aif,487.677,62.0497,15.906,EQ,,2016p146267
54,Spectrogram 1,4,3113584.323,3113659.789,0,144,2/24/2016,2,53:04.3,E:\L7910_NZ01_20160119\L7910_NZ01_002K_AIFF\L7910NZ01_002K_M05_20160224\L7910NZ01_002K_M05_multi_20160224_024500Z.aif,L7910NZ01_002K_M05_multi_20160224_024500Z.aif,484.323,75.4658,14.758,EQ,,2016p146267
55,Spectrogram 1,5,3113589.354,3113637.988,0,144,2/24/2016,2,53:09.4,E:\L7910_NZ01_20160119\L7910_NZ01_002K_AIFF\L7910NZ01_002K_M05_20160224\L7910NZ01_002K_M05_multi_20160224_024500Z.aif,L7910NZ01_002K_M05_multi_20160224_024500Z.aif,489.354,48.6335,8.912,EQ,,2016p146267
56,Spectrogram 1,3,3575116.416,3575189.646,0,148,2/29/2016,11,05:16.4,E:\L7910_NZ01_20160119\L7910_NZ01_002K_AIFF\L7910NZ01_002K_M05_20160229\L7910NZ01_002K_M05_multi_20160229_110000Z.aif,L7910NZ01_002K_M05_multi_20160229_110000Z.aif,316.416,73.2298,19.632,EQ,,2016p160705
57,Spectrogram 1,4,3575125.36,3575160.578,0,148,2/29/2016,11,05:25.4,E:\L7910_NZ01_20160119\L7910_NZ01_002K_AIFF\L7910NZ01_002K_M05_20160229\L7910NZ01_002K_M05_multi_20160229_110000Z.aif,L7910NZ01_002K_M05_multi_20160229_110000Z.aif,325.36,35.2174,7.928,EQ,,2016p160705
58,Spectrogram 1,2,3575125.36,3575167.845,0,146,2/29/2016,11,05:25.4,E:\L7910_NZ01_20160119\L7910_NZ01_002K_AIFF\L7910NZ01_002K_M05_20160229\L7910NZ01_002K_M05_multi_20160229_110000Z.aif,L7910NZ01_002K_M05_multi_20160229_110000Z.aif,325.36,42.4845,8.307,EQ,,2016p160705
59,Spectrogram 1,1,3646620.764,3646682.814,0,144,3/1/2016,6,57:00.8,E:\L7910_NZ01_20160119\L7910_NZ01_002K_AIFF\L7910NZ01_002K_M05_20160301\L7910NZ01_002K_M05_multi_20160301_064500Z.aif,L7910NZ01_002K_M05_multi_20160301_064500Z.aif,720.764,62.0497,8.521,EQ,,2016p162941
60,Spectrogram 1,2,3646603.435,3646671.075,0,142,3/1/2016,6,56:43.4,E:\L7910_NZ01_20160119\L7910_NZ01_002K_AIFF\L7910NZ01_002K_M05_20160301\L7910NZ01_002K_M05_multi_20160301_064500Z.aif,L7910NZ01_002K_M05_multi_20160301_064500Z.aif,703.435,67.6398,19.617,EQ,,2016p162941
61,Spectrogram 1,3,3646603.435,3646669.957,0,143.9,3/1/2016,6,56:43.4,E:\L7910_NZ01_20160119\L7910_NZ01_002K_AIFF\L7910NZ01_002K_M05_20160301\L7910NZ01_002K_M05_multi_20160301_064500Z.aif,L7910NZ01_002K_M05_multi_20160301_064500Z.aif,703.435,66.5217,35.871,EQ,,2016p162941
62,Spectrogram 1,4,3646612.938,3646679.46,0,146,3/1/2016,6,56:52.9,E:\L7910_NZ01_20160119\L7910_NZ01_002K_AIFF\L7910NZ01_002K_M05_20160301\L7910NZ01_002K_M05_multi_20160301_064500Z.aif,L7910NZ01_002K_M05_multi_20160301_064500Z.aif,712.938,66.5217,16.557,EQ,,2016p162941
63,Spectrogram 1,5,3646626.354,3646700.143,0,144,3/1/2016,6,57:06.4,E:\L7910_NZ01_20160119\L7910_NZ01_002K_AIFF\L7910NZ01_002K_M05_20160301\L7910NZ01_002K_M05_multi_20160301_064500Z.aif,L7910NZ01_002K_M05_multi_20160301_064500Z.aif,726.354,73.7888,5.467,EQ,,2016p162941
64,Spectrogram 1,1,3794164.491,3794250.019,0,146,3/2/2016,23,56:04.5,E:\L7910_NZ01_20160119\L7910_NZ01_002K_AIFF\L7910NZ01_002K_M05_20160302\L7910NZ01_002K_M05_multi_20160302_234500Z.aif,L7910NZ01_002K_M05_multi_20160302_234500Z.aif,664.4905,85.528,26.63,EQ,,2016p167557
65,Spectrogram 1,2,3794150.516,3794259.522,0,148,3/2/2016,23,55:50.5,E:\L7910_NZ01_20160119\L7910_NZ01_002K_AIFF\L7910NZ01_002K_M05_20160302\L7910NZ01_002K_M05_multi_20160302_234500Z.aif,L7910NZ01_002K_M05_multi_20160302_234500Z.aif,650.5155,109.0062,40.293,EQ,,2016p167557
66,Spectrogram 1,3,3794150.516,3794240.516,0,145.9,3/2/2016,23,55:50.5,E:\L7910_NZ01_20160119\L7910_NZ01_002K_AIFF\L7910NZ01_002K_M05_20160302\L7910NZ01_002K_M05_multi_20160302_234500Z.aif,L7910NZ01_002K_M05_multi_20160302_234500Z.aif,650.5155,90,45.015,EQ,,2016p167557
67,Spectrogram 1,4,3794161.137,3794250.019,0,146,3/2/2016,23,56:01.1,E:\L7910_NZ01_20160119\L7910_NZ01_002K_AIFF\L7910NZ01_002K_M05_20160302\L7910NZ01_002K_M05_multi_20160302_234500Z.aif,L7910NZ01_002K_M05_multi_20160302_234500Z.aif,661.1365,88.882,34.706,EQ,,2016p167557
68,Spectrogram 1,5,3794172.876,3794270.143,0,146,3/2/2016,23,56:12.9,E:\L7910_NZ01_20160119\L7910_NZ01_002K_AIFF\L7910NZ01_002K_M05_20160302\L7910NZ01_002K_M05_multi_20160302_234500Z.aif,L7910NZ01_002K_M05_multi_20160302_234500Z.aif,672.876,97.2671,21.011,EQ,,2016p167557
69,Spectrogram 1,1,3906788.59,3906850.64,0,142,3/4/2016,7,13:08.6,E:\L7910_NZ01_20160119\L7910_NZ01_002K_AIFF\L7910NZ01_002K_M05_20160304\L7910NZ01_002K_M05_multi_20160304_070000Z.aif,L7910NZ01_002K_M05_multi_20160304_070000Z.aif,788.59,62.0497,6.28,EQ,,2016p171079
70,Spectrogram 1,2,3906772.938,3906850.64,0,142,3/4/2016,7,12:52.9,E:\L7910_NZ01_20160119\L7910_NZ01_002K_AIFF\L7910NZ01_002K_M05_20160304\L7910NZ01_002K_M05_multi_20160304_070000Z.aif,L7910NZ01_002K_M05_multi_20160304_070000Z.aif,772.938,77.7019,16.79,EQ,,2016p171079
71,Spectrogram 1,3,3906769.584,3906850.64,0,123.6,3/4/2016,7,12:49.6,E:\L7910_NZ01_20160119\L7910_NZ01_002K_AIFF\L7910NZ01_002K_M05_20160304\L7910NZ01_002K_M05_multi_20160304_070000Z.aif,L7910NZ01_002K_M05_multi_20160304_070000Z.aif,769.584,81.0559,25.415,EQ,,2016p171079
72,Spectrogram 1,4,3906781.323,3906841.323,0,146,3/4/2016,7,13:01.3,E:\L7910_NZ01_20160119\L7910_NZ01_002K_AIFF\L7910NZ01_002K_M05_20160304\L7910NZ01_002K_M05_multi_20160304_070000Z.aif,L7910NZ01_002K_M05_multi_20160304_070000Z.aif,781.323,60,14.511,EQ,,2016p171079
73,Spectrogram 1,5,3906797.534,3906863.497,0,140,3/4/2016,7,13:17.5,E:\L7910_NZ01_20160119\L7910_NZ01_002K_AIFF\L7910NZ01_002K_M05_20160304\L7910NZ01_002K_M05_multi_20160304_070000Z.aif,L7910NZ01_002K_M05_multi_20160304_070000Z.aif,797.534,65.9627,4.686,EQ,,2016p171079
74,Spectrogram 1,1,3979870.826,3979930.081,0,140,3/5/2016,3,31:10.8,E:\L7910_NZ01_20160119\L7910_NZ01_002K_AIFF\L7910NZ01_002K_M05_20160305\L7910NZ01_002K_M05_multi_20160305_033000Z.aif,L7910NZ01_002K_M05_multi_20160305_033000Z.aif,70.826,59.2547,4.224,EQ,,2016p173365
75,Spectrogram 1,2,3979850.143,3979920.019,0,148,3/5/2016,3,30:50.1,E:\L7910_NZ01_20160119\L7910_NZ01_002K_AIFF\L7910NZ01_002K_M05_20160305\L7910NZ01_002K_M05_multi_20160305_033000Z.aif,L7910NZ01_002K_M05_multi_20160305_033000Z.aif,50.143,69.8758,14.408,EQ,,2016p173365
76,Spectrogram 1,3,3979842.876,3979938.466,0,148,3/5/2016,3,30:42.9,E:\L7910_NZ01_20160119\L7910_NZ01_002K_AIFF\L7910NZ01_002K_M05_20160305\L7910NZ01_002K_M05_multi_20160305_033000Z.aif,L7910NZ01_002K_M05_multi_20160305_033000Z.aif,42.876,95.5901,24.542,EQ,,2016p173365
77,Spectrogram 1,4,3979855.733,3979915.547,0,144,3/5/2016,3,30:55.7,E:\L7910_NZ01_20160119\L7910_NZ01_002K_AIFF\L7910NZ01_002K_M05_20160305\L7910NZ01_002K_M05_multi_20160305_033000Z.aif,L7910NZ01_002K_M05_multi_20160305_033000Z.aif,55.733,59.8137,12.283,EQ,,2016p173365
78,Spectrogram 1,1,4096702.565,4096770.205,0,144,3/6/2016,11,58:22.6,E:\L7910_NZ01_20160119\L7910_NZ01_002K_AIFF\L7910NZ01_002K_M05_20160306\L7910NZ01_002K_M05_multi_20160306_114500Z.aif,L7910NZ01_002K_M05_multi_20160306_114500Z.aif,802.565,67.6398,9.519,EQ,,2016p177021
79,Spectrogram 1,2,4096700.329,4096770.205,0,144,3/6/2016,11,58:20.3,E:\L7910_NZ01_20160119\L7910_NZ01_002K_AIFF\L7910NZ01_002K_M05_20160306\L7910NZ01_002K_M05_multi_20160306_114500Z.aif,L7910NZ01_002K_M05_multi_20160306_114500Z.aif,800.329,69.8758,12.97,EQ,,2016p177021
80,Spectrogram 1,3,4096707.037,4096779.708,0,143.9,3/6/2016,11,58:27.0,E:\L7910_NZ01_20160119\L7910_NZ01_002K_AIFF\L7910NZ01_002K_M05_20160306\L7910NZ01_002K_M05_multi_20160306_114500Z.aif,L7910NZ01_002K_M05_multi_20160306_114500Z.aif,807.0375,72.6708,16.572,EQ,,2016p177021
81,Spectrogram 1,4,4096708.714,4096781.385,0,146,3/6/2016,11,58:28.7,E:\L7910_NZ01_20160119\L7910_NZ01_002K_AIFF\L7910NZ01_002K_M05_20160306\L7910NZ01_002K_M05_multi_20160306_114500Z.aif,L7910NZ01_002K_M05_multi_20160306_114500Z.aif,808.7145,72.6708,9.898,EQ,,2016p177021
82,Spectrogram 1,5,4096718.217,4096790.329,0,144,3/6/2016,11,58:38.2,E:\L7910_NZ01_20160119\L7910_NZ01_002K_AIFF\L7910NZ01_002K_M05_20160306\L7910NZ01_002K_M05_multi_20160306_114500Z.aif,L7910NZ01_002K_M05_multi_20160306_114500Z.aif,818.2175,72.1118,5.325,EQ,,2016p177021
83,Spectrogram 1,1,4193105.236,4193170.081,0,146,3/7/2016,14,45:05.2,E:\L7910_NZ01_20160119\L7910_NZ01_002K_AIFF\L7910NZ01_002K_M05_20160307\L7910NZ01_002K_M05_multi_20160307_144500Z.aif,L7910NZ01_002K_M05_multi_20160307_144500Z.aif,5.236,64.8447,6.672,EQ,,2016p180035
84,Spectrogram 1,2,4193097.41,4193170.081,0,144,3/7/2016,14,44:57.4,E:\L7910_NZ01_20160119\L7910_NZ01_002K_AIFF\L7910NZ01_002K_M05_20160307\L7910NZ01_002K_M05_multi_20160307_143000Z.aif,L7910NZ01_002K_M05_multi_20160307_143000Z.aif,897.41,72.6708,8.148,EQ,,2016p180035
85,Spectrogram 1,3,4193087.348,4193161.137,0,145.9,3/7/2016,14,44:47.3,E:\L7910_NZ01_20160119\L7910_NZ01_002K_AIFF\L7910NZ01_002K_M05_20160307\L7910NZ01_002K_M05_multi_20160307_143000Z.aif,L7910NZ01_002K_M05_multi_20160307_143000Z.aif,887.348,73.7888,18.209,EQ,,2016p180035
86,Spectrogram 1,4,4193088.466,4193161.137,0,142,3/7/2016,14,44:48.5,E:\L7910_NZ01_20160119\L7910_NZ01_002K_AIFF\L7910NZ01_002K_M05_20160307\L7910NZ01_002K_M05_multi_20160307_143000Z.aif,L7910NZ01_002K_M05_multi_20160307_143000Z.aif,888.466,72.6708,13.009,Eq,,2016p180035
87,Spectrogram 1,5,4193092.938,4193160.578,0,144,3/7/2016,14,44:52.9,E:\L7910_NZ01_20160119\L7910_NZ01_002K_AIFF\L7910NZ01_002K_M05_20160307\L7910NZ01_002K_M05_multi_20160307_143000Z.aif,L7910NZ01_002K_M05_multi_20160307_143000Z.aif,892.938,67.6398,8.559,EQ,,2016p180035
88,Spectrogram 1,2,4290634.304,4290700.267,0,148,3/8/2016,17,50:34.3,E:\L7910_NZ01_20160119\L7910_NZ01_002K_AIFF\L7910NZ01_002K_M05_20160308\L7910NZ01_002K_M05_multi_20160308_174500Z.aif,L7910NZ01_002K_M05_multi_20160308_174500Z.aif,334.3045,65.9627,11.426,EQ,,2016p183087
89,Spectrogram 1,4,4290646.043,4290698.031,0,146,3/8/2016,17,50:46.0,E:\L7910_NZ01_20160119\L7910_NZ01_002K_AIFF\L7910NZ01_002K_M05_20160308\L7910NZ01_002K_M05_multi_20160308_174500Z.aif,L7910NZ01_002K_M05_multi_20160308_174500Z.aif,346.0435,51.9876,10.134,EQ,,2016p183087
90,Spectrogram 1,1,4526575.36,4526636.851,0,136,3/11/2016,11,22:55.4,E:\L7910_NZ01_20160119\L7910_NZ01_002K_AIFF\L7910NZ01_002K_M05_20160311\L7910NZ01_002K_M05_multi_20160311_111500Z.aif,L7910NZ01_002K_M05_multi_20160311_111500Z.aif,475.36,61.4907,8.314,EQ,,2016p190467
91,Spectrogram 1,2,4526563.621,4526631.261,0,144,3/11/2016,11,22:43.6,E:\L7910_NZ01_20160119\L7910_NZ01_002K_AIFF\L7910NZ01_002K_M05_20160311\L7910NZ01_002K_M05_multi_20160311_111500Z.aif,L7910NZ01_002K_M05_multi_20160311_111500Z.aif,463.621,67.6398,12.651,EQ,,2016p190467
92,Spectrogram 1,3,4526562.503,4526631.261,0,143.9,3/11/2016,11,22:42.5,E:\L7910_NZ01_20160119\L7910_NZ01_002K_AIFF\L7910NZ01_002K_M05_20160311\L7910NZ01_002K_M05_multi_20160311_111500Z.aif,L7910NZ01_002K_M05_multi_20160311_111500Z.aif,462.503,68.7578,21.467,EQ,,2016p190467
93,Spectrogram 1,4,4526557.472,4526630.143,0,148,3/11/2016,11,22:37.5,E:\L7910_NZ01_20160119\L7910_NZ01_002K_AIFF\L7910NZ01_002K_M05_20160311\L7910NZ01_002K_M05_multi_20160311_111500Z.aif,L7910NZ01_002K_M05_multi_20160311_111500Z.aif,457.472,72.6708,17.152,EQ,,2016p190467
94,Spectrogram 1,5,4526566.416,4526630.143,0,142,3/11/2016,11,22:46.4,E:\L7910_NZ01_20160119\L7910_NZ01_002K_AIFF\L7910NZ01_002K_M05_20160311\L7910NZ01_002K_M05_multi_20160311_111500Z.aif,L7910NZ01_002K_M05_multi_20160311_111500Z.aif,466.416,63.7267,10.002,EQ,,2016p190467
95,Spectrogram 1,4,4991817.41,4991876.665,0,146,3/16/2016,20,36:57.4,E:\L7910_NZ01_20160119\L7910_NZ01_002K_AIFF\L7910NZ01_002K_M05_20160316\L7910NZ01_002K_M05_multi_20160316_203000Z.aif,L7910NZ01_002K_M05_multi_20160316_203000Z.aif,417.41,59.2547,7.103,EQ,,2016p205021
96,Spectrogram 1,5,4991821.323,4991890.081,0,144,3/16/2016,20,37:01.3,E:\L7910_NZ01_20160119\L7910_NZ01_002K_AIFF\L7910NZ01_002K_M05_20160316\L7910NZ01_002K_M05_multi_20160316_203000Z.aif,L7910NZ01_002K_M05_multi_20160316_203000Z.aif,421.323,68.7578,6.362,EQ,,2016p205021
97,Spectrogram 1,3,4991817.41,4991885.609,0,141.9,3/16/2016,20,36:57.4,E:\L7910_NZ01_20160119\L7910_NZ01_002K_AIFF\L7910NZ01_002K_M05_20160316\L7910NZ01_002K_M05_multi_20160316_203000Z.aif,L7910NZ01_002K_M05_multi_20160316_203000Z.aif,417.41,68.1988,7.958,EQ,,2016p219547
98,Spectrogram 1,2,5456201.012,5456264.18,0,144,3/22/2016,5,36:41.0,E:\L7910_NZ01_20160119\L7910_NZ01_002K_AIFF\L7910NZ01_002K_M05_20160322\L7910NZ01_002K_M05_multi_20160322_053000Z.aif,L7910NZ01_002K_M05_multi_20160322_053000Z.aif,401.0125,63.1677,8.23,EQ,,2016p219547
99,Spectrogram 1,3,5456193.186,5456260.267,0,141.9,3/22/2016,5,36:33.2,E:\L7910_NZ01_20160119\L7910_NZ01_002K_AIFF\L7910NZ01_002K_M05_20160322\L7910NZ01_002K_M05_multi_20160322_053000Z.aif,L7910NZ01_002K_M05_multi_20160322_053000Z.aif,393.1865,67.0807,15.408,EQ,,2016p219547
100,Spectrogram 1,4,5456190.391,5456260.826,0,142,3/22/2016,5,36:30.4,E:\L7910_NZ01_20160119\L7910_NZ01_002K_AIFF\L7910NZ01_002K_M05_20160322\L7910NZ01_002K_M05_multi_20160322_053000Z.aif,L7910NZ01_002K_M05_multi_20160322_053000Z.aif,390.3915,70.4348,14.903,EQ,,2016p219547
101,Spectrogram 1,5,5456195.981,5456270.329,0,148,3/22/2016,5,36:36.0,E:\L7910_NZ01_20160119\L7910_NZ01_002K_AIFF\L7910NZ01_002K_M05_20160322\L7910NZ01_002K_M05_multi_20160322_053000Z.aif,L7910NZ01_002K_M05_multi_20160322_053000Z.aif,395.9815,74.3478,8.609,EQ,,2016p219547
102,Spectrogram 1,1,5596751.944,5596820.702,0,144,3/23/2016,20,39:11.9,E:\L7910_NZ01_20160119\L7910_NZ01_002K_AIFF\L7910NZ01_002K_M05_20160323\L7910NZ01_002K_M05_multi_20160323_203000Z.aif,L7910NZ01_002K_M05_multi_20160323_203000Z.aif,551.944,68.7578,12.821,EQ,,2016p223944
103,Spectrogram 1,2,5596745.795,5596810.081,0,146,3/23/2016,20,39:05.8,E:\L7910_NZ01_20160119\L7910_NZ01_002K_AIFF\L7910NZ01_002K_M05_20160323\L7910NZ01_002K_M05_multi_20160323_203000Z.aif,L7910NZ01_002K_M05_multi_20160323_203000Z.aif,545.795,64.2857,17.998,EQ,,2016p223944
104,Spectrogram 1,3,5596751.739,5596820.497,0,146.4,3/23/2016,20,39:11.7,E:\L7910_NZ01_20160119\L7910_NZ01_002K_AIFF\L7910NZ01_002K_M05_20160323\L7910NZ01_002K_M05_multi_20160323_203000Z.aif,L7910NZ01_002K_M05_multi_20160323_203000Z.aif,551.739,68.7578,22.021,EQ,,2016p223944
105,Spectrogram 1,4,5596756.211,5596819.379,0,146.2,3/23/2016,20,39:16.2,E:\L7910_NZ01_20160119\L7910_NZ01_002K_AIFF\L7910NZ01_002K_M05_20160323\L7910NZ01_002K_M05_multi_20160323_203000Z.aif,L7910NZ01_002K_M05_multi_20160323_203000Z.aif,556.211,63.1677,13.739,EQ,,2016p223944
106,Spectrogram 1,5,5596765.155,5596828.882,0,147.7,3/23/2016,20,39:25.2,E:\L7910_NZ01_20160119\L7910_NZ01_002K_AIFF\L7910NZ01_002K_M05_20160323\L7910NZ01_002K_M05_multi_20160323_203000Z.aif,L7910NZ01_002K_M05_multi_20160323_203000Z.aif,565.1555,63.7267,6.517,EQ,,2016p223944
107,Spectrogram 1,1,5866340.124,5866410.559,0,148.1,3/26/2016,23,32:20.1,E:\L7910_NZ01_20160119\L7910_NZ01_002K_AIFF\L7910NZ01_002K_M05_20160326\L7910NZ01_002K_M05_multi_20160326_233000Z.aif,L7910NZ01_002K_M05_multi_20160326_233000Z.aif,140.124,70.4348,15.416,EQ,,2016p232377
108,Spectrogram 1,2,5866325.59,5866410,0,146.3,3/26/2016,23,32:05.6,E:\L7910_NZ01_20160119\L7910_NZ01_002K_AIFF\L7910NZ01_002K_M05_20160326\L7910NZ01_002K_M05_multi_20160326_233000Z.aif,L7910NZ01_002K_M05_multi_20160326_233000Z.aif,125.59,84.4099,28.859,EQ,,2016p232377
109,Spectrogram 1,3,5866325.031,5866410.559,0,148.2,3/26/2016,23,32:05.0,E:\L7910_NZ01_20160119\L7910_NZ01_002K_AIFF\L7910NZ01_002K_M05_20160326\L7910NZ01_002K_M05_multi_20160326_233000Z.aif,L7910NZ01_002K_M05_multi_20160326_233000Z.aif,125.031,85.528,38.403,EQ,,2016p232377
110,Spectrogram 1,4,5866335.652,5866410.559,0,142.3,3/26/2016,23,32:15.7,E:\L7910_NZ01_20160119\L7910_NZ01_002K_AIFF\L7910NZ01_002K_M05_20160326\L7910NZ01_002K_M05_multi_20160326_233000Z.aif,L7910NZ01_002K_M05_multi_20160326_233000Z.aif,135.652,74.9068,22.127,EQ,,2016p232377
111,Spectrogram 1,5,5866346.832,5866420.621,0,147.7,3/26/2016,23,32:26.8,E:\L7910_NZ01_20160119\L7910_NZ01_002K_AIFF\L7910NZ01_002K_M05_20160326\L7910NZ01_002K_M05_multi_20160326_233000Z.aif,L7910NZ01_002K_M05_multi_20160326_233000Z.aif,146.8325,73.7888,9.859,EQ,,2016p232377
112,Spectrogram 1,1,5920168.696,5920230.186,0,140.3,3/27/2016,14,29:28.7,E:\L7910_NZ01_20160119\L7910_NZ01_002K_AIFF\L7910NZ01_002K_M05_20160327\L7910NZ01_002K_M05_multi_20160327_141500Z.aif,L7910NZ01_002K_M05_multi_20160327_141500Z.aif,868.6955,61.4907,20.926,EQ,,2016p234061
113,Spectrogram 1,2,5920155.839,5920239.13,0,148.1,3/27/2016,14,29:15.8,E:\L7910_NZ01_20160119\L7910_NZ01_002K_AIFF\L7910NZ01_002K_M05_20160327\L7910NZ01_002K_M05_multi_20160327_141500Z.aif,L7910NZ01_002K_M05_multi_20160327_141500Z.aif,855.8385,83.2919,32.109,EQ,,2016p234061
114,Spectrogram 1,3,5920151.366,5920230.186,0,146.4,3/27/2016,14,29:11.4,E:\L7910_NZ01_20160119\L7910_NZ01_002K_AIFF\L7910NZ01_002K_M05_20160327\L7910NZ01_002K_M05_multi_20160327_141500Z.aif,L7910NZ01_002K_M05_multi_20160327_141500Z.aif,851.3665,78.8199,42.571,EQ,,2016p234061
115,Spectrogram 1,4,5920156.957,5920230.186,0,146.2,3/27/2016,14,29:17.0,E:\L7910_NZ01_20160119\L7910_NZ01_002K_AIFF\L7910NZ01_002K_M05_20160327\L7910NZ01_002K_M05_multi_20160327_141500Z.aif,L7910NZ01_002K_M05_multi_20160327_141500Z.aif,856.9565,73.2298,36.717,EQ,,2016p234061
116,Spectrogram 1,5,5920169.255,5920250.311,0,145.5,3/27/2016,14,29:29.3,E:\L7910_NZ01_20160119\L7910_NZ01_002K_AIFF\L7910NZ01_002K_M05_20160327\L7910NZ01_002K_M05_multi_20160327_141500Z.aif,L7910NZ01_002K_M05_multi_20160327_141500Z.aif,869.2545,81.0559,25.64,EQ,,2016p234061
117,Spectrogram 1,1,6029247.391,6029320.621,0,144.2,3/28/2016,20,47:27.4,E:\L7910_NZ01_20160119\L7910_NZ01_002K_AIFF\L7910NZ01_002K_M05_20160328\L7910NZ01_002K_M05_multi_20160328_204500Z.aif,L7910NZ01_002K_M05_multi_20160328_204500Z.aif,147.3915,73.2298,11.424,EQ,,2016p237473
118,Spectrogram 1,2,6029244.596,6029320.062,0,142.6,3/28/2016,20,47:24.6,E:\L7910_NZ01_20160119\L7910_NZ01_002K_AIFF\L7910NZ01_002K_M05_20160328\L7910NZ01_002K_M05_multi_20160328_204500Z.aif,L7910NZ01_002K_M05_multi_20160328_204500Z.aif,144.5965,75.4658,18.37,EQ,,2016p237473
119,Spectrogram 1,3,6029243.478,6029320.621,0,146.4,3/28/2016,20,47:23.5,E:\L7910_NZ01_20160119\L7910_NZ01_002K_AIFF\L7910NZ01_002K_M05_20160328\L7910NZ01_002K_M05_multi_20160328_204500Z.aif,L7910NZ01_002K_M05_multi_20160328_204500Z.aif,143.4785,77.1429,28.087,EQ,,2016p237473
120,Spectrogram 1,4,6029239.006,6029310,0,144.2,3/28/2016,20,47:19.0,E:\L7910_NZ01_20160119\L7910_NZ01_002K_AIFF\L7910NZ01_002K_M05_20160328\L7910NZ01_002K_M05_multi_20160328_204500Z.aif,L7910NZ01_002K_M05_multi_20160328_204500Z.aif,139.006,70.9938,21.194,EQ,,2016p237473
121,Spectrogram 1,5,6029240.124,6029309.441,0,147.7,3/28/2016,20,47:20.1,E:\L7910_NZ01_20160119\L7910_NZ01_002K_AIFF\L7910NZ01_002K_M05_20160328\L7910NZ01_002K_M05_multi_20160328_204500Z.aif,L7910NZ01_002K_M05_multi_20160328_204500Z.aif,140.124,69.3168,10.584,EQ,,2016p237473
122,Spectrogram 1,3,6187267.267,6187329.876,0,148.2,3/30/2016,16,41:07.3,E:\L7910_NZ01_20160119\L7910_NZ01_002K_AIFF\L7910NZ01_002K_M05_20160330\L7910NZ01_002K_M05_multi_20160330_163000Z.aif,L7910NZ01_002K_M05_multi_20160330_163000Z.aif,667.267,62.6087,5.654,EQ,,2016p242416
123,Spectrogram 1,4,6187268.944,6187330.435,0,142.3,3/30/2016,16,41:08.9,E:\L7910_NZ01_20160119\L7910_NZ01_002K_AIFF\L7910NZ01_002K_M05_20160330\L7910NZ01_002K_M05_multi_20160330_163000Z.aif,L7910NZ01_002K_M05_multi_20160330_163000Z.aif,668.944,61.4907,6.87,EQ,,2016p242416
124,Spectrogram 1,5,6187278.447,6187339.379,0,145.5,3/30/2016,16,41:18.4,E:\L7910_NZ01_20160119\L7910_NZ01_002K_AIFF\L7910NZ01_002K_M05_20160330\L7910NZ01_002K_M05_multi_20160330_163000Z.aif,L7910NZ01_002K_M05_multi_20160330_163000Z.aif,678.447,60.9317,3.477,EQ,,2016p242416
125,Spectrogram 1,2,6506180.311,6506250.186,0,146.3,4/3/2016,9,16:20.3,E:\L7910_NZ01_20160119\L7910_NZ01_002K_AIFF\L7910NZ01_002K_M05_20160403\L7910NZ01_002K_M05_multi_20160403_091500Z.aif,L7910NZ01_002K_M05_multi_20160403_091500Z.aif,80.3105,69.8758,12.926,EQ,,2016p252391
126,Spectrogram 1,3,6506181.988,6506250.745,0,142.8,4/3/2016,9,16:22.0,E:\L7910_NZ01_20160119\L7910_NZ01_002K_AIFF\L7910NZ01_002K_M05_20160403\L7910NZ01_002K_M05_multi_20160403_091500Z.aif,L7910NZ01_002K_M05_multi_20160403_091500Z.aif,81.9875,68.7578,23.679,EQ,,2016p252391
127,Spectrogram 1,4,6506184.224,6506260.248,0,146.2,4/3/2016,9,16:24.2,E:\L7910_NZ01_20160119\L7910_NZ01_002K_AIFF\L7910NZ01_002K_M05_20160403\L7910NZ01_002K_M05_multi_20160403_091500Z.aif,L7910NZ01_002K_M05_multi_20160403_091500Z.aif,84.2235,76.0248,19.411,EQ,,2016p252391
128,Spectrogram 1,5,6506189.255,6506259.689,0,143.2,4/3/2016,9,16:29.3,E:\L7910_NZ01_20160119\L7910_NZ01_002K_AIFF\L7910NZ01_002K_M05_20160403\L7910NZ01_002K_M05_multi_20160403_091500Z.aif,L7910NZ01_002K_M05_multi_20160403_091500Z.aif,89.2545,70.4348,6.258,EQ,,2016p252391
129,Spectrogram 1,2,6853566.708,6853629.876,0,148.1,4/7/2016,9,46:06.7,E:\L7910_NZ01_20160119\L7910_NZ01_002K_AIFF\L7910NZ01_002K_M05_20160407\L7910NZ01_002K_M05_multi_20160407_094500Z.aif,L7910NZ01_002K_M05_multi_20160407_094500Z.aif,66.708,63.1677,9.813,EQ,,2016p263259
130,Spectrogram 1,3,6853559.441,6853629.317,0,144.6,4/7/2016,9,45:59.4,E:\L7910_NZ01_20160119\L7910_NZ01_002K_AIFF\L7910NZ01_002K_M05_20160407\L7910NZ01_002K_M05_multi_20160407_094500Z.aif,L7910NZ01_002K_M05_multi_20160407_094500Z.aif,59.441,69.8758,23.695,EQ,,2016p263259
131,Spectrogram 1,4,6853563.913,6853629.876,0,142.3,4/7/2016,9,46:03.9,E:\L7910_NZ01_20160119\L7910_NZ01_002K_AIFF\L7910NZ01_002K_M05_20160407\L7910NZ01_002K_M05_multi_20160407_094500Z.aif,L7910NZ01_002K_M05_multi_20160407_094500Z.aif,63.913,65.9627,13.457,EQ,,2016p263259
132,Spectrogram 1,2,7339144.658,7339220.124,0,148.1,4/13/2016,0,39:04.7,E:\L7910_NZ01_20160119\L7910_NZ01_002K_AIFF\L7910NZ01_002K_M05_20160413\L7910NZ01_002K_M05_multi_20160413_003000Z.aif,L7910NZ01_002K_M05_multi_20160413_003000Z.aif,544.6585,75.4658,15.036,EQ,,2016p278449
133,Spectrogram 1,3,7339146.894,7339220.683,0,142.8,4/13/2016,0,39:06.9,E:\L7910_NZ01_20160119\L7910_NZ01_002K_AIFF\L7910NZ01_002K_M05_20160413\L7910NZ01_002K_M05_multi_20160413_003000Z.aif,L7910NZ01_002K_M05_multi_20160413_003000Z.aif,546.8945,73.7888,25.782,EQ,,2016p278449
134,Spectrogram 1,4,7339156.398,7339230.186,0,142.3,4/13/2016,0,39:16.4,E:\L7910_NZ01_20160119\L7910_NZ01_002K_AIFF\L7910NZ01_002K_M05_20160413\L7910NZ01_002K_M05_multi_20160413_003000Z.aif,L7910NZ01_002K_M05_multi_20160413_003000Z.aif,556.3975,73.7888,13.453,EQ,,2016p278449
135,Spectrogram 1,1,7505073.168,7505139.689,0,144.2,4/14/2016,22,44:33.2,E:\L7910_NZ01_20160119\L7910_NZ01_002K_AIFF\L7910NZ01_002K_M05_20160414\L7910NZ01_002K_M05_multi_20160414_223000Z.aif,L7910NZ01_002K_M05_multi_20160414_223000Z.aif,873.1675,66.5217,10.548,EQ,,2016p283637
136,Spectrogram 1,2,7505069.814,7505140.248,0,148.1,4/14/2016,22,44:29.8,E:\L7910_NZ01_20160119\L7910_NZ01_002K_AIFF\L7910NZ01_002K_M05_20160414\L7910NZ01_002K_M05_multi_20160414_223000Z.aif,L7910NZ01_002K_M05_multi_20160414_223000Z.aif,869.8135,70.4348,18.972,EQ,,2016p283637
137,Spectrogram 1,3,7505073.727,7505140.248,0,142.8,4/14/2016,22,44:33.7,E:\L7910_NZ01_20160119\L7910_NZ01_002K_AIFF\L7910NZ01_002K_M05_20160414\L7910NZ01_002K_M05_multi_20160414_223000Z.aif,L7910NZ01_002K_M05_multi_20160414_223000Z.aif,873.7265,66.5217,27.881,EQ,,2016p283637
138,Spectrogram 1,4,7505077.081,7505150.311,0,144.2,4/14/2016,22,44:37.1,E:\L7910_NZ01_20160119\L7910_NZ01_002K_AIFF\L7910NZ01_002K_M05_20160414\L7910NZ01_002K_M05_multi_20160414_223000Z.aif,L7910NZ01_002K_M05_multi_20160414_223000Z.aif,877.0805,73.2298,25.738,EQ,,2016p283637
139,Spectrogram 1,5,7505082.671,7505150.87,0,147.7,4/14/2016,22,44:42.7,E:\L7910_NZ01_20160119\L7910_NZ01_002K_AIFF\L7910NZ01_002K_M05_20160414\L7910NZ01_002K_M05_multi_20160414_223000Z.aif,L7910NZ01_002K_M05_multi_20160414_223000Z.aif,882.671,68.1988,10.404,EQ,,2016p283637
140,Spectrogram 1,1,7540846.584,7540910.311,0,144.2,4/15/2016,8,40:46.6,E:\L7910_NZ01_20160119\L7910_NZ01_002K_AIFF\L7910NZ01_002K_M05_20160415\L7910NZ01_002K_M05_multi_20160415_083000Z.aif,L7910NZ01_002K_M05_multi_20160415_083000Z.aif,646.584,63.7267,15.978,EQ,,2016p284758
141,Spectrogram 1,2,7540843.789,7540910.311,0,148.1,4/15/2016,8,40:43.8,E:\L7910_NZ01_20160119\L7910_NZ01_002K_AIFF\L7910NZ01_002K_M05_20160415\L7910NZ01_002K_M05_multi_20160415_083000Z.aif,L7910NZ01_002K_M05_multi_20160415_083000Z.aif,643.789,66.5217,17.574,EQ,,2016p284758
142,Spectrogram 1,3,7540847.702,7540910.87,0,144.6,4/15/2016,8,40:47.7,E:\L7910_NZ01_20160119\L7910_NZ01_002K_AIFF\L7910NZ01_002K_M05_20160415\L7910NZ01_002K_M05_multi_20160415_083000Z.aif,L7910NZ01_002K_M05_multi_20160415_083000Z.aif,647.702,63.1677,21.036,EQ,,2016p284758
143,Spectrogram 1,4,7540853.851,7540920.373,0,142.3,4/15/2016,8,40:53.9,E:\L7910_NZ01_20160119\L7910_NZ01_002K_AIFF\L7910NZ01_002K_M05_20160415\L7910NZ01_002K_M05_multi_20160415_083000Z.aif,L7910NZ01_002K_M05_multi_20160415_083000Z.aif,653.851,66.5217,12.953,EQ,,2016p284758
144,Spectrogram 1,5,7540862.795,7540929.876,0,143.2,4/15/2016,8,41:02.8,E:\L7910_NZ01_20160119\L7910_NZ01_002K_AIFF\L7910NZ01_002K_M05_20160415\L7910NZ01_002K_M05_multi_20160415_083000Z.aif,L7910NZ01_002K_M05_multi_20160415_083000Z.aif,662.795,67.0807,6.228,EQ,,2016p284758
145,Spectrogram 1,2,8040707.143,8040790.435,0,144.4,4/21/2016,3,31:47.1,E:\L7910_NZ01_20160119\L7910_NZ01_002K_AIFF\L7910NZ01_002K_M05_20160421\L7910NZ01_002K_M05_multi_20160421_033000Z.aif,L7910NZ01_002K_M05_multi_20160421_033000Z.aif,107.143,83.2919,7.277,EQ,,2016p300395
146,Spectrogram 1,3,8040711.615,8040790.435,0,146.4,4/21/2016,3,31:51.6,E:\L7910_NZ01_20160119\L7910_NZ01_002K_AIFF\L7910NZ01_002K_M05_20160421\L7910NZ01_002K_M05_multi_20160421_033000Z.aif,L7910NZ01_002K_M05_multi_20160421_033000Z.aif,111.615,78.8199,16.541,EQ,,2016p300395
147,Spectrogram 1,4,8040714.41,8040789.876,0,144.2,4/21/2016,3,31:54.4,E:\L7910_NZ01_20160119\L7910_NZ01_002K_AIFF\L7910NZ01_002K_M05_20160421\L7910NZ01_002K_M05_multi_20160421_033000Z.aif,L7910NZ01_002K_M05_multi_20160421_033000Z.aif,114.41,75.4658,10.765,EQ,,2016p300395
148,Spectrogram 1,1,8132899.752,8132969.627,0,142.2,4/22/2016,5,08:19.8,E:\L7910_NZ01_20160119\L7910_NZ01_002K_AIFF\L7910NZ01_002K_M05_20160422\L7910NZ01_002K_M05_multi_20160422_050000Z.aif,L7910NZ01_002K_M05_multi_20160422_050000Z.aif,499.7515,69.8758,8.927,EQ,,2016p303279
149,Spectrogram 1,2,8132895.28,8132969.068,0,146.3,4/22/2016,5,08:15.3,E:\L7910_NZ01_20160119\L7910_NZ01_002K_AIFF\L7910NZ01_002K_M05_20160422\L7910NZ01_002K_M05_multi_20160422_050000Z.aif,L7910NZ01_002K_M05_multi_20160422_050000Z.aif,495.2795,73.7888,16.186,EQ,,2016p303279
150,Spectrogram 1,3,8132899.752,8132979.689,0,146.4,4/22/2016,5,08:19.8,E:\L7910_NZ01_20160119\L7910_NZ01_002K_AIFF\L7910NZ01_002K_M05_20160422\L7910NZ01_002K_M05_multi_20160422_050000Z.aif,L7910NZ01_002K_M05_multi_20160422_050000Z.aif,499.7515,79.9379,19.984,EQ,,2016p303279
151,Spectrogram 1,4,8132904.224,8132980.248,0,146.2,4/22/2016,5,08:24.2,E:\L7910_NZ01_20160119\L7910_NZ01_002K_AIFF\L7910NZ01_002K_M05_20160422\L7910NZ01_002K_M05_multi_20160422_050000Z.aif,L7910NZ01_002K_M05_multi_20160422_050000Z.aif,504.2235,76.0248,11.594,EQ,,2016p303279
152,Spectrogram 1,5,8132915.963,8132989.193,0,143.2,4/22/2016,5,08:36.0,E:\L7910_NZ01_20160119\L7910_NZ01_002K_AIFF\L7910NZ01_002K_M05_20160422\L7910NZ01_002K_M05_multi_20160422_050000Z.aif,L7910NZ01_002K_M05_multi_20160422_050000Z.aif,515.9625,73.2298,6.235,EQ,,2016p303279
153,Spectrogram 1,2,8215434.224,8215510.248,0,148.1,4/23/2016,4,03:54.2,E:\L7910_NZ01_20160119\L7910_NZ01_002K_AIFF\L7910NZ01_002K_M05_20160423\L7910NZ01_002K_M05_multi_20160423_040000Z.aif,L7910NZ01_002K_M05_multi_20160423_040000Z.aif,234.2235,76.0248,15.194,EQ,,2016p305861
154,Spectrogram 1,3,8215439.814,8215510.248,0,148.2,4/23/2016,4,03:59.8,E:\L7910_NZ01_20160119\L7910_NZ01_002K_AIFF\L7910NZ01_002K_M05_20160423\L7910NZ01_002K_M05_multi_20160423_040000Z.aif,L7910NZ01_002K_M05_multi_20160423_040000Z.aif,239.8135,70.4348,24.006,EQ,,2016p305861
155,Spectrogram 1,5,8215447.081,8215519.193,0,140.9,4/23/2016,4,04:07.1,E:\L7910_NZ01_20160119\L7910_NZ01_002K_AIFF\L7910NZ01_002K_M05_20160423\L7910NZ01_002K_M05_multi_20160423_040000Z.aif,L7910NZ01_002K_M05_multi_20160423_040000Z.aif,247.0805,72.1118,8.554,EQ,,2016p305861
156,Spectrogram 1,2,8406117.205,8406190.435,0,148.1,4/25/2016,9,01:57.2,E:\L7910_NZ01_20160119\L7910_NZ01_002K_AIFF\L7910NZ01_002K_M05_20160425\L7910NZ01_002K_M05_multi_20160425_090000Z.aif,L7910NZ01_002K_M05_multi_20160425_090000Z.aif,117.205,73.2298,15.117,EQ,,2016p311825
157,Spectrogram 1,4,8406120,8406199.938,0,144.2,4/25/2016,9,02:00.0,E:\L7910_NZ01_20160119\L7910_NZ01_002K_AIFF\L7910NZ01_002K_M05_20160425\L7910NZ01_002K_M05_multi_20160425_090000Z.aif,L7910NZ01_002K_M05_multi_20160425_090000Z.aif,120,79.9379,22.27,EQ,,2016p311825
158,Spectrogram 1,5,8406123.913,8406194.907,0,147.7,4/25/2016,9,02:03.9,E:\L7910_NZ01_20160119\L7910_NZ01_002K_AIFF\L7910NZ01_002K_M05_20160425\L7910NZ01_002K_M05_multi_20160425_090000Z.aif,L7910NZ01_002K_M05_multi_20160425_090000Z.aif,123.913,70.9938,8.158,EQ,,2016p311825
159,Spectrogram 1,1,8496156.335,8496230.683,0,142.2,4/26/2016,10,02:36.3,E:\L7910_NZ01_20160119\L7910_NZ01_002K_AIFF\L7910NZ01_002K_M05_20160426\L7910NZ01_002K_M05_multi_20160426_100000Z.aif,L7910NZ01_002K_M05_multi_20160426_100000Z.aif,156.3355,74.3478,11.928,EQ,,2016p314642
160,Spectrogram 1,2,8496155.217,8496230.124,0,144.4,4/26/2016,10,02:35.2,E:\L7910_NZ01_20160119\L7910_NZ01_002K_AIFF\L7910NZ01_002K_M05_20160426\L7910NZ01_002K_M05_multi_20160426_100000Z.aif,L7910NZ01_002K_M05_multi_20160426_100000Z.aif,155.2175,74.9068,13.989,EQ,,2016p314642
161,Spectrogram 1,4,8496151.863,8496220.621,0,146.2,4/26/2016,10,02:31.9,E:\L7910_NZ01_20160119\L7910_NZ01_002K_AIFF\L7910NZ01_002K_M05_20160426\L7910NZ01_002K_M05_multi_20160426_100000Z.aif,L7910NZ01_002K_M05_multi_20160426_100000Z.aif,151.8635,68.7578,20.45,EQ,,2016p314642
162,Spectrogram 1,5,8496156.335,8496221.18,0,143.2,4/26/2016,10,02:36.3,E:\L7910_NZ01_20160119\L7910_NZ01_002K_AIFF\L7910NZ01_002K_M05_20160426\L7910NZ01_002K_M05_multi_20160426_100000Z.aif,L7910NZ01_002K_M05_multi_20160426_100000Z.aif,156.3355,64.8447,11.757,EQ,,2016p314642
163,Spectrogram 1,1,8553458.199,8553519.689,0,142.2,4/27/2016,1,57:38.2,E:\L7910_NZ01_20160119\L7910_NZ01_002K_AIFF\L7910NZ01_002K_M05_20160427\L7910NZ01_002K_M05_multi_20160427_014500Z.aif,L7910NZ01_002K_M05_multi_20160427_014500Z.aif,758.199,61.4907,20.316,EQ,,2016p316432
164,Spectrogram 1,2,8553449.255,8553520.248,0,148.1,4/27/2016,1,57:29.3,E:\L7910_NZ01_20160119\L7910_NZ01_002K_AIFF\L7910NZ01_002K_M05_20160427\L7910NZ01_002K_M05_multi_20160427_014500Z.aif,L7910NZ01_002K_M05_multi_20160427_014500Z.aif,749.2545,70.9938,21.699,EQ,,2016p316432
165,Spectrogram 1,3,8553450.932,8553529.752,0,142.8,4/27/2016,1,57:30.9,E:\L7910_NZ01_20160119\L7910_NZ01_002K_AIFF\L7910NZ01_002K_M05_20160427\L7910NZ01_002K_M05_multi_20160427_014500Z.aif,L7910NZ01_002K_M05_multi_20160427_014500Z.aif,750.9315,78.8199,26.861,EQ,,2016p316432
166,Spectrogram 1,4,8553454.845,8553530.311,0,144.2,4/27/2016,1,57:34.8,E:\L7910_NZ01_20160119\L7910_NZ01_002K_AIFF\L7910NZ01_002K_M05_20160427\L7910NZ01_002K_M05_multi_20160427_014500Z.aif,L7910NZ01_002K_M05_multi_20160427_014500Z.aif,754.8445,75.4658,18.758,EQ,,2016p316432
167,Spectrogram 1,5,8553464.907,8553529.752,0,147.7,4/27/2016,1,57:44.9,E:\L7910_NZ01_20160119\L7910_NZ01_002K_AIFF\L7910NZ01_002K_M05_20160427\L7910NZ01_002K_M05_multi_20160427_014500Z.aif,L7910NZ01_002K_M05_multi_20160427_014500Z.aif,764.907,64.8447,8.263,EQ,,2016p316432
168,Spectrogram 1,1,8704703.106,8704790.87,0,142.2,4/28/2016,19,58:23.1,E:\L7910_NZ01_20160119\L7910_NZ01_002K_AIFF\L7910NZ01_002K_M05_20160428\L7910NZ01_002K_M05_multi_20160428_194500Z.aif,L7910NZ01_002K_M05_multi_20160428_194500Z.aif,803.1055,87.764,15.42,EQ,,2016p321165
169,Spectrogram 1,2,8704685.776,8704770.745,0,146.3,4/28/2016,19,58:05.8,E:\L7910_NZ01_20160119\L7910_NZ01_002K_AIFF\L7910NZ01_002K_M05_20160428\L7910NZ01_002K_M05_multi_20160428_194500Z.aif,L7910NZ01_002K_M05_multi_20160428_194500Z.aif,785.7765,84.9689,25.776,EQ,,2016p321165
170,Spectrogram 1,3,8704680.745,8704770.745,0,144.6,4/28/2016,19,58:00.7,E:\L7910_NZ01_20160119\L7910_NZ01_002K_AIFF\L7910NZ01_002K_M05_20160428\L7910NZ01_002K_M05_multi_20160428_194500Z.aif,L7910NZ01_002K_M05_multi_20160428_194500Z.aif,780.7455,90,38.372,EQ,,2016p321165
171,Spectrogram 1,4,8704688.571,8704770.186,0,148.1,4/28/2016,19,58:08.6,E:\L7910_NZ01_20160119\L7910_NZ01_002K_AIFF\L7910NZ01_002K_M05_20160428\L7910NZ01_002K_M05_multi_20160428_194500Z.aif,L7910NZ01_002K_M05_multi_20160428_194500Z.aif,788.5715,81.6149,30.225,EQ,,2016p321165
172,Spectrogram 1,5,8704701.988,8704780.248,0,140.9,4/28/2016,19,58:22.0,E:\L7910_NZ01_20160119\L7910_NZ01_002K_AIFF\L7910NZ01_002K_M05_20160428\L7910NZ01_002K_M05_multi_20160428_194500Z.aif,L7910NZ01_002K_M05_multi_20160428_194500Z.aif,801.9875,78.2609,15.72,EQ,,2016p321165
173,Spectrogram 1,1,9072602.422,9072670.062,0,142.2,5/3/2016,2,10:02.4,E:\L7910_NZ01_20160119\L7910_NZ01_002K_AIFF\L7910NZ01_002K_M05_20160503\L7910NZ01_002K_M05_multi_20160503_020000Z.aif,L7910NZ01_002K_M05_multi_20160503_020000Z.aif,602.4225,67.6398,8.556,EQ,,2016p332674
174,Spectrogram 1,2,9072600.186,9072670.062,0,144.4,5/3/2016,2,10:00.2,E:\L7910_NZ01_20160119\L7910_NZ01_002K_AIFF\L7910NZ01_002K_M05_20160503\L7910NZ01_002K_M05_multi_20160503_020000Z.aif,L7910NZ01_002K_M05_multi_20160503_020000Z.aif,600.1865,69.8758,19.168,EQ,,2016p332674
175,Spectrogram 1,3,9072602.422,9072680.683,0,141,5/3/2016,2,10:02.4,E:\L7910_NZ01_20160119\L7910_NZ01_002K_AIFF\L7910NZ01_002K_M05_20160503\L7910NZ01_002K_M05_multi_20160503_020000Z.aif,L7910NZ01_002K_M05_multi_20160503_020000Z.aif,602.4225,78.2609,28.636,EQ,,2016p332674
176,Spectrogram 1,4,9072601.863,9072680.124,0,144.2,5/3/2016,2,10:01.9,E:\L7910_NZ01_20160119\L7910_NZ01_002K_AIFF\L7910NZ01_002K_M05_20160503\L7910NZ01_002K_M05_multi_20160503_020000Z.aif,L7910NZ01_002K_M05_multi_20160503_020000Z.aif,601.8635,78.2609,25.719,EQ,,2016p332674
177,Spectrogram 1,5,9072607.453,9072690.186,0,145.5,5/3/2016,2,10:07.5,E:\L7910_NZ01_20160119\L7910_NZ01_002K_AIFF\L7910NZ01_002K_M05_20160503\L7910NZ01_002K_M05_multi_20160503_020000Z.aif,L7910NZ01_002K_M05_multi_20160503_020000Z.aif,607.4535,82.7329,10.073,EQ,,2016p332674
178,Spectrogram 1,2,9195988.137,9196049.627,0,142.6,5/4/2016,12,26:28.1,E:\L7910_NZ01_20160119\L7910_NZ01_002K_AIFF\L7910NZ01_002K_M05_20160504\L7910NZ01_002K_M05_multi_20160504_121500Z.aif,L7910NZ01_002K_M05_multi_20160504_121500Z.aif,688.1365,61.4907,12.171,EQ,,2016p336534
179,Spectrogram 1,3,9195990.373,9196054.099,0,144.6,5/4/2016,12,26:30.4,E:\L7910_NZ01_20160119\L7910_NZ01_002K_AIFF\L7910NZ01_002K_M05_20160504\L7910NZ01_002K_M05_multi_20160504_121500Z.aif,L7910NZ01_002K_M05_multi_20160504_121500Z.aif,690.3725,63.7267,22.862,EQ,,2016p336534
180,Spectrogram 1,4,9195988.696,9196059.13,0,140.4,5/4/2016,12,26:28.7,E:\L7910_NZ01_20160119\L7910_NZ01_002K_AIFF\L7910NZ01_002K_M05_20160504\L7910NZ01_002K_M05_multi_20160504_121500Z.aif,L7910NZ01_002K_M05_multi_20160504_121500Z.aif,688.6955,70.4348,17.774,EQ,,2016p336534
181,Spectrogram 1,5,9195992.609,9196059.689,0,147.7,5/4/2016,12,26:32.6,E:\L7910_NZ01_20160119\L7910_NZ01_002K_AIFF\L7910NZ01_002K_M05_20160504\L7910NZ01_002K_M05_multi_20160504_121500Z.aif,L7910NZ01_002K_M05_multi_20160504_121500Z.aif,692.6085,67.0807,6.383,EQ,,2016p336534
182,Spectrogram 1,2,9236548.696,9236610.186,0,146.3,5/4/2016,23,42:28.7,E:\L7910_NZ01_20160119\L7910_NZ01_002K_AIFF\L7910NZ01_002K_M05_20160504\L7910NZ01_002K_M05_multi_20160504_233000Z.aif,L7910NZ01_002K_M05_multi_20160504_233000Z.aif,748.6955,61.4907,17.545,EQ,,2016p337803
183,Spectrogram 1,3,9236540.87,9236601.242,0,148.2,5/4/2016,23,42:20.9,E:\L7910_NZ01_20160119\L7910_NZ01_002K_AIFF\L7910NZ01_002K_M05_20160504\L7910NZ01_002K_M05_multi_20160504_233000Z.aif,L7910NZ01_002K_M05_multi_20160504_233000Z.aif,740.8695,60.3727,32.155,EQ,,2016p337803
184,Spectrogram 1,4,9236548.137,9236618.571,0,148.1,5/4/2016,23,42:28.1,E:\L7910_NZ01_20160119\L7910_NZ01_002K_AIFF\L7910NZ01_002K_M05_20160504\L7910NZ01_002K_M05_multi_20160504_233000Z.aif,L7910NZ01_002K_M05_multi_20160504_233000Z.aif,748.1365,70.4348,16.731,EQ,,2016p337803
185,Spectrogram 1,1,9440206.584,9440260.807,0,148.1,5/7/2016,8,16:46.6,E:\L7910_NZ01_20160119\L7910_NZ01_002K_AIFF\L7910NZ01_002K_M05_20160507\L7910NZ01_002K_M05_multi_20160507_081500Z.aif,L7910NZ01_002K_M05_multi_20160507_081500Z.aif,106.584,54.2236,14.772,EQ,,2016p344173
186,Spectrogram 1,2,9440209.938,9440270.87,0,146.3,5/7/2016,8,16:49.9,E:\L7910_NZ01_20160119\L7910_NZ01_002K_AIFF\L7910NZ01_002K_M05_20160507\L7910NZ01_002K_M05_multi_20160507_081500Z.aif,L7910NZ01_002K_M05_multi_20160507_081500Z.aif,109.938,60.9317,10.044,EQ,,2016p344173
187,Spectrogram 1,3,9440215.528,9440281.491,0,144.6,5/7/2016,8,16:55.5,E:\L7910_NZ01_20160119\L7910_NZ01_002K_AIFF\L7910NZ01_002K_M05_20160507\L7910NZ01_002K_M05_multi_20160507_081500Z.aif,L7910NZ01_002K_M05_multi_20160507_081500Z.aif,115.528,65.9627,15.564,EQ,,2016p344173
188,Spectrogram 1,4,9440216.087,9440281.491,0,140.4,5/7/2016,8,16:56.1,E:\L7910_NZ01_20160119\L7910_NZ01_002K_AIFF\L7910NZ01_002K_M05_20160507\L7910NZ01_002K_M05_multi_20160507_081500Z.aif,L7910NZ01_002K_M05_multi_20160507_081500Z.aif,116.087,65.4037,12.396,EQ,,2016p344173
189,Spectrogram 1,1,9573768.82,9573830.87,0,144.2,5/8/2016,21,22:48.8,E:\L7910_NZ01_20160119\L7910_NZ01_002K_AIFF\L7910NZ01_002K_M05_20160508\L7910NZ01_002K_M05_multi_20160508_211500Z.aif,L7910NZ01_002K_M05_multi_20160508_211500Z.aif,468.82,62.0497,6.334,EQ,,2016p348351
190,Spectrogram 1,2,9573756.522,9573829.193,0,148.1,5/8/2016,21,22:36.5,E:\L7910_NZ01_20160119\L7910_NZ01_002K_AIFF\L7910NZ01_002K_M05_20160508\L7910NZ01_002K_M05_multi_20160508_211500Z.aif,L7910NZ01_002K_M05_multi_20160508_211500Z.aif,456.5215,72.6708,9.032,EQ,,2016p348351
191,Spectrogram 1,3,9573748.137,9573819.689,0,144.6,5/8/2016,21,22:28.1,E:\L7910_NZ01_20160119\L7910_NZ01_002K_AIFF\L7910NZ01_002K_M05_20160508\L7910NZ01_002K_M05_multi_20160508_211500Z.aif,L7910NZ01_002K_M05_multi_20160508_211500Z.aif,448.1365,71.5528,17.086,EQ,,2016p348351
192,Spectrogram 1,4,9573752.05,9573820.248,0,144.2,5/8/2016,21,22:32.0,E:\L7910_NZ01_20160119\L7910_NZ01_002K_AIFF\L7910NZ01_002K_M05_20160508\L7910NZ01_002K_M05_multi_20160508_211500Z.aif,L7910NZ01_002K_M05_multi_20160508_211500Z.aif,452.0495,68.1988,15.066,EQ,,2016p348351
193,Spectrogram 1,5,9573760.435,9573830.311,0,147.7,5/8/2016,21,22:40.4,E:\L7910_NZ01_20160119\L7910_NZ01_002K_AIFF\L7910NZ01_002K_M05_20160508\L7910NZ01_002K_M05_multi_20160508_211500Z.aif,L7910NZ01_002K_M05_multi_20160508_211500Z.aif,460.435,69.8758,7.67,EQ,,2016p348351
194,Spectrogram 1,3,9981205.116,9981270.698,0,144.2,5/13/2016,14,33:25.1,E:\L7910_NZ01_20160119\L7910_NZ01_002K_AIFF\L7910NZ01_002K_M05_20160513\L7910NZ01_002K_M05_multi_20160513_143000Z.aif,L7910NZ01_002K_M05_multi_20160513_143000Z.aif,205.1165,65.5814,14.418,EQ,,2016p361097
195,Spectrogram 1,4,9981206.512,9981269.302,0,140.6,5/13/2016,14,33:26.5,E:\L7910_NZ01_20160119\L7910_NZ01_002K_AIFF\L7910NZ01_002K_M05_20160513\L7910NZ01_002K_M05_multi_20160513_143000Z.aif,L7910NZ01_002K_M05_multi_20160513_143000Z.aif,206.5115,62.7907,9.657,EQ,,2016p361097
196,Spectrogram 1,2,9981198.14,9981261.628,0,144,5/13/2016,14,33:18.1,E:\L7910_NZ01_20160119\L7910_NZ01_002K_AIFF\L7910NZ01_002K_M05_20160513\L7910NZ01_002K_M05_multi_20160513_143000Z.aif,L7910NZ01_002K_M05_multi_20160513_143000Z.aif,198.1395,63.4884,15.918,EQ,,2016p361097
197,Spectrogram 1,3,10698297.21,10698369.77,0,144.2,5/21/2016,21,44:57.2,E:\L7910_NZ01_20160119\L7910_NZ01_002K_AIFF\L7910NZ01_002K_M05_20160521\L7910NZ01_002K_M05_multi_20160521_213000Z.aif,L7910NZ01_002K_M05_multi_20160521_213000Z.aif,897.2095,72.5581,6.854,EQ,,2016p383528
198,Spectrogram 1,4,10698286.05,10698360,0,146.9,5/21/2016,21,44:46.0,E:\L7910_NZ01_20160119\L7910_NZ01_002K_AIFF\L7910NZ01_002K_M05_20160521\L7910NZ01_002K_M05_multi_20160521_213000Z.aif,L7910NZ01_002K_M05_multi_20160521_213000Z.aif,886.0465,73.9535,8.932,EQ,,2016p383528
199,Spectrogram 1,5,10698283.26,10698348.84,0,142.5,5/21/2016,21,44:43.3,E:\L7910_NZ01_20160119\L7910_NZ01_002K_AIFF\L7910NZ01_002K_M05_20160521\L7910NZ01_002K_M05_multi_20160521_213000Z.aif,L7910NZ01_002K_M05_multi_20160521_213000Z.aif,883.256,65.5814,11.995,EQ,,2016p383528
200,Spectrogram 1,1,10877829.77,10877900.93,0,140.6,5/23/2016,23,37:09.8,E:\L7910_NZ01_20160119\L7910_NZ01_002K_AIFF\L7910NZ01_002K_M05_20160523\L7910NZ01_002K_M05_multi_20160523_233000Z.aif,L7910NZ01_002K_M05_multi_20160523_233000Z.aif,429.7675,71.1628,18.847,EQ,,2016p389145
201,Spectrogram 1,2,10877820.7,10877899.53,0,141,5/23/2016,23,37:00.7,E:\L7910_NZ01_20160119\L7910_NZ01_002K_AIFF\L7910NZ01_002K_M05_20160523\L7910NZ01_002K_M05_multi_20160523_233000Z.aif,L7910NZ01_002K_M05_multi_20160523_233000Z.aif,420.6975,78.8372,27.05,EQ,,2016p389145
202,Spectrogram 1,3,10877818.6,10877912.09,0,144.2,5/23/2016,23,36:58.6,E:\L7910_NZ01_20160119\L7910_NZ01_002K_AIFF\L7910NZ01_002K_M05_20160523\L7910NZ01_002K_M05_multi_20160523_233000Z.aif,L7910NZ01_002K_M05_multi_20160523_233000Z.aif,418.6045,93.4884,31.722,EQ,,2016p389145
203,Spectrogram 1,4,10877820,10877910,0,146.9,5/23/2016,23,37:00.0,E:\L7910_NZ01_20160119\L7910_NZ01_002K_AIFF\L7910NZ01_002K_M05_20160523\L7910NZ01_002K_M05_multi_20160523_233000Z.aif,L7910NZ01_002K_M05_multi_20160523_233000Z.aif,420,90,31.908,EQ,,2016p389145
204,Spectrogram 1,5,10877831.16,10877919.77,0,146.2,5/23/2016,23,37:11.2,E:\L7910_NZ01_20160119\L7910_NZ01_002K_AIFF\L7910NZ01_002K_M05_20160523\L7910NZ01_002K_M05_multi_20160523_233000Z.aif,L7910NZ01_002K_M05_multi_20160523_233000Z.aif,431.163,88.6047,19.599,EQ,,2016p389145
205,Spectrogram 1,1,11047601.86,11047668.84,0,143.7,5/25/2016,22,46:41.9,E:\L7910_NZ01_20160119\L7910_NZ01_002K_AIFF\L7910NZ01_002K_M05_20160525\L7910NZ01_002K_M05_multi_20160525_224500Z.aif,L7910NZ01_002K_M05_multi_20160525_224500Z.aif,101.8605,66.9767,9.359,EQ,,2016p394455
206,Spectrogram 1,2,11047586.51,11047658.37,0,141,5/25/2016,22,46:26.5,E:\L7910_NZ01_20160119\L7910_NZ01_002K_AIFF\L7910NZ01_002K_M05_20160525\L7910NZ01_002K_M05_multi_20160525_224500Z.aif,L7910NZ01_002K_M05_multi_20160525_224500Z.aif,86.5115,71.8605,17.837,EQ,,2016p394455
207,Spectrogram 1,3,11047585.12,11047656.98,0,144.2,5/25/2016,22,46:25.1,E:\L7910_NZ01_20160119\L7910_NZ01_002K_AIFF\L7910NZ01_002K_M05_20160525\L7910NZ01_002K_M05_multi_20160525_224500Z.aif,L7910NZ01_002K_M05_multi_20160525_224500Z.aif,85.1165,71.8605,26.29,EQ,,2016p394455
208,Spectrogram 1,4,11047591.4,11047669.53,0,137.5,5/25/2016,22,46:31.4,E:\L7910_NZ01_20160119\L7910_NZ01_002K_AIFF\L7910NZ01_002K_M05_20160525\L7910NZ01_002K_M05_multi_20160525_224500Z.aif,L7910NZ01_002K_M05_multi_20160525_224500Z.aif,91.3955,78.1395,15.576,EQ,,2016p394455
209,Spectrogram 1,5,11047603.95,11047699.53,0,146.2,5/25/2016,22,46:44.0,E:\L7910_NZ01_20160119\L7910_NZ01_002K_AIFF\L7910NZ01_002K_M05_20160525\L7910NZ01_002K_M05_multi_20160525_224500Z.aif,L7910NZ01_002K_M05_multi_20160525_224500Z.aif,103.9535,95.5814,7.663,EQ,,2016p394455
210,Spectrogram 1,1,11078537.44,11078610,0,137.5,5/26/2016,7,22:17.4,E:\L7910_NZ01_20160119\L7910_NZ01_002K_AIFF\L7910NZ01_002K_M05_20160526\L7910NZ01_002K_M05_multi_20160526_071500Z.aif,L7910NZ01_002K_M05_multi_20160526_071500Z.aif,437.442,72.5581,17.455,EQ,,2016p395423
211,Spectrogram 1,2,11078520.7,11078611.4,0,144,5/26/2016,7,22:00.7,E:\L7910_NZ01_20160119\L7910_NZ01_002K_AIFF\L7910NZ01_002K_M05_20160526\L7910NZ01_002K_M05_multi_20160526_071500Z.aif,L7910NZ01_002K_M05_multi_20160526_071500Z.aif,420.6975,90.6977,26.902,EQ,,2016p395423
212,Spectrogram 1,3,11078512.33,11078599.53,0,141.3,5/26/2016,7,21:52.3,E:\L7910_NZ01_20160119\L7910_NZ01_002K_AIFF\L7910NZ01_002K_M05_20160526\L7910NZ01_002K_M05_multi_20160526_071500Z.aif,L7910NZ01_002K_M05_multi_20160526_071500Z.aif,412.3255,87.2093,38.008,EQ,,2016p395423
213,Spectrogram 1,4,11078518.6,11078613.49,0,143.7,5/26/2016,7,21:58.6,E:\L7910_NZ01_20160119\L7910_NZ01_002K_AIFF\L7910NZ01_002K_M05_20160526\L7910NZ01_002K_M05_multi_20160526_071500Z.aif,L7910NZ01_002K_M05_multi_20160526_071500Z.aif,418.6045,94.8837,31.594,EQ,,2016p395423
214,Spectrogram 1,5,11078529.07,11078618.37,0,142.5,5/26/2016,7,22:09.1,E:\L7910_NZ01_20160119\L7910_NZ01_002K_AIFF\L7910NZ01_002K_M05_20160526\L7910NZ01_002K_M05_multi_20160526_071500Z.aif,L7910NZ01_002K_M05_multi_20160526_071500Z.aif,429.07,89.3023,23.804,EQ,,2016p395423
215,Spectrogram 1,1,11155189.53,11155260.7,0,137.5,5/27/2016,4,39:49.5,E:\L7910_NZ01_20160119\L7910_NZ01_002K_AIFF\L7910NZ01_002K_M05_20160527\L7910NZ01_002K_M05_multi_20160527_043000Z.aif,L7910NZ01_002K_M05_multi_20160527_043000Z.aif,589.535,71.1628,9.165,EQ,,2016p397820
216,Spectrogram 1,3,11155179.77,11155260,0,141.3,5/27/2016,4,39:39.8,E:\L7910_NZ01_20160119\L7910_NZ01_002K_AIFF\L7910NZ01_002K_M05_20160527\L7910NZ01_002K_M05_multi_20160527_043000Z.aif,L7910NZ01_002K_M05_multi_20160527_043000Z.aif,579.7675,80.2326,19.86,EQ,,2016p397820
217,Spectrogram 1,4,11155172.79,11155266.28,0,140.6,5/27/2016,4,39:32.8,E:\L7910_NZ01_20160119\L7910_NZ01_002K_AIFF\L7910NZ01_002K_M05_20160527\L7910NZ01_002K_M05_multi_20160527_043000Z.aif,L7910NZ01_002K_M05_multi_20160527_043000Z.aif,572.7905,93.4884,17.953,EQ,,2016p397820
218,Spectrogram 1,5,11155176.28,11155271.86,0,146.2,5/27/2016,4,39:36.3,E:\L7910_NZ01_20160119\L7910_NZ01_002K_AIFF\L7910NZ01_002K_M05_20160527\L7910NZ01_002K_M05_multi_20160527_043000Z.aif,L7910NZ01_002K_M05_multi_20160527_043000Z.aif,576.279,95.5814,9.576,EQ,,2016p397820
219,Spectrogram 1,1,11344775.58,11344850.23,0,134.4,5/29/2016,9,19:35.6,E:\L7910_NZ01_20160119\L7910_NZ01_002K_AIFF\L7910NZ01_002K_M05_20160529\L7910NZ01_002K_M05_multi_20160529_091500Z.aif,L7910NZ01_002K_M05_multi_20160529_091500Z.aif,275.5815,74.6512,26.105,EQ,,2016p403752
220,Spectrogram 1,2,11344776.28,11344850.23,0,147,5/29/2016,9,19:36.3,E:\L7910_NZ01_20160119\L7910_NZ01_002K_AIFF\L7910NZ01_002K_M05_20160529\L7910NZ01_002K_M05_multi_20160529_091500Z.aif,L7910NZ01_002K_M05_multi_20160529_091500Z.aif,276.279,73.9535,21.083,EQ,,2016p403752
221,Spectrogram 1,3,11344781.86,11344860,0,147.1,5/29/2016,9,19:41.9,E:\L7910_NZ01_20160119\L7910_NZ01_002K_AIFF\L7910NZ01_002K_M05_20160529\L7910NZ01_002K_M05_multi_20160529_091500Z.aif,L7910NZ01_002K_M05_multi_20160529_091500Z.aif,281.8605,78.1395,19.811,EQ,,2016p403752
222,Spectrogram 1,4,11344777.67,11344850.93,0,143.7,5/29/2016,9,19:37.7,E:\L7910_NZ01_20160119\L7910_NZ01_002K_AIFF\L7910NZ01_002K_M05_20160529\L7910NZ01_002K_M05_multi_20160529_091500Z.aif,L7910NZ01_002K_M05_multi_20160529_091500Z.aif,277.6745,73.2558,24.331,EQ,,2016p403752
223,Spectrogram 1,5,11344782.56,11344860,0,146.2,5/29/2016,9,19:42.6,E:\L7910_NZ01_20160119\L7910_NZ01_002K_AIFF\L7910NZ01_002K_M05_20160529\L7910NZ01_002K_M05_multi_20160529_091500Z.aif,L7910NZ01_002K_M05_multi_20160529_091500Z.aif,282.558,77.4419,12.455,EQ,,2016p403752
224,Spectrogram 1,1,11765284.88,11765349.77,0,137.5,6/3/2016,6,08:04.9,E:\L7910_NZ01_20160119\L7910_NZ01_002K_AIFF\L7910NZ01_002K_M05_20160603\L7910NZ01_002K_M05_multi_20160603_060000Z.aif,L7910NZ01_002K_M05_multi_20160603_060000Z.aif,484.8835,64.8837,6.008,EQ,,2016p416905
225,Spectrogram 1,2,11765275.12,11765358.84,0,147,6/3/2016,6,07:55.1,E:\L7910_NZ01_20160119\L7910_NZ01_002K_AIFF\L7910NZ01_002K_M05_20160603\L7910NZ01_002K_M05_multi_20160603_060000Z.aif,L7910NZ01_002K_M05_multi_20160603_060000Z.aif,475.1165,83.7209,4.887,EQ,,2016p416905
226,Spectrogram 1,3,11765274.42,11765359.53,0,135.6,6/3/2016,6,07:54.4,E:\L7910_NZ01_20160119\L7910_NZ01_002K_AIFF\L7910NZ01_002K_M05_20160603\L7910NZ01_002K_M05_multi_20160603_060000Z.aif,L7910NZ01_002K_M05_multi_20160603_060000Z.aif,474.4185,85.1163,10.352,EQ,,2016p416905
227,Spectrogram 1,4,11765269.53,11765340,0,143.7,6/3/2016,6,07:49.5,E:\L7910_NZ01_20160119\L7910_NZ01_002K_AIFF\L7910NZ01_002K_M05_20160603\L7910NZ01_002K_M05_multi_20160603_060000Z.aif,L7910NZ01_002K_M05_multi_20160603_060000Z.aif,469.535,70.4651,8.75,EQ,,2016p416905
228,Spectrogram 1,5,11765269.53,11765344.88,0,146.2,6/3/2016,6,07:49.5,E:\L7910_NZ01_20160119\L7910_NZ01_002K_AIFF\L7910NZ01_002K_M05_20160603\L7910NZ01_002K_M05_multi_20160603_060000Z.aif,L7910NZ01_002K_M05_multi_20160603_060000Z.aif,469.535,75.3488,4.953,EQ,,2016p416905
229,Spectrogram 1,2,11818620,11818698.84,0,147,6/3/2016,20,57:00.0,E:\L7910_NZ01_20160119\L7910_NZ01_002K_AIFF\L7910NZ01_002K_M05_20160603\L7910NZ01_002K_M05_multi_20160603_204500Z.aif,L7910NZ01_002K_M05_multi_20160603_204500Z.aif,720,78.8372,10.413,EQ,,2016p418574
230,Spectrogram 1,3,11818621.4,11818719.77,0,147.1,6/3/2016,20,57:01.4,E:\L7910_NZ01_20160119\L7910_NZ01_002K_AIFF\L7910NZ01_002K_M05_20160603\L7910NZ01_002K_M05_multi_20160603_204500Z.aif,L7910NZ01_002K_M05_multi_20160603_204500Z.aif,721.3955,98.3721,19.722,EQ,,2016p418574
231,Spectrogram 1,4,11818620.7,11818711.4,0,143.7,6/3/2016,20,57:00.7,E:\L7910_NZ01_20160119\L7910_NZ01_002K_AIFF\L7910NZ01_002K_M05_20160603\L7910NZ01_002K_M05_multi_20160603_204500Z.aif,L7910NZ01_002K_M05_multi_20160603_204500Z.aif,720.6975,90.6977,16.376,EQ,,2016p418574
232,Spectrogram 1,5,11818626.28,11818709.3,0,146.2,6/3/2016,20,57:06.3,E:\L7910_NZ01_20160119\L7910_NZ01_002K_AIFF\L7910NZ01_002K_M05_20160603\L7910NZ01_002K_M05_multi_20160603_204500Z.aif,L7910NZ01_002K_M05_multi_20160603_204500Z.aif,726.279,83.0233,6.048,EQ,,2016p418574
233,Spectrogram 1,1,11852437.67,11852499.77,0,137.5,6/4/2016,6,20:37.7,E:\L7910_NZ01_20160119\L7910_NZ01_002K_AIFF\L7910NZ01_002K_M05_20160604\L7910NZ01_002K_M05_multi_20160604_061500Z.aif,L7910NZ01_002K_M05_multi_20160604_061500Z.aif,337.6745,62.093,6.107,EQ,,2016p419631
234,Spectrogram 1,2,11852430,11852501.16,0,144,6/4/2016,6,20:30.0,E:\L7910_NZ01_20160119\L7910_NZ01_002K_AIFF\L7910NZ01_002K_M05_20160604\L7910NZ01_002K_M05_multi_20160604_061500Z.aif,L7910NZ01_002K_M05_multi_20160604_061500Z.aif,330,71.1628,4.679,EQ,,2016p419631
235,Spectrogram 1,3,11852428.6,11852500.47,0,144.2,6/4/2016,6,20:28.6,E:\L7910_NZ01_20160119\L7910_NZ01_002K_AIFF\L7910NZ01_002K_M05_20160604\L7910NZ01_002K_M05_multi_20160604_061500Z.aif,L7910NZ01_002K_M05_multi_20160604_061500Z.aif,328.6045,71.8605,11.334,EQ,,2016p419631
236,Spectrogram 1,4,11852422.33,11852499.07,0,146.9,6/4/2016,6,20:22.3,E:\L7910_NZ01_20160119\L7910_NZ01_002K_AIFF\L7910NZ01_002K_M05_20160604\L7910NZ01_002K_M05_multi_20160604_061500Z.aif,L7910NZ01_002K_M05_multi_20160604_061500Z.aif,322.3255,76.7442,9.697,EQ,,2016p419631
237,Spectrogram 1,5,11852427.91,11852499.77,0,142.5,6/4/2016,6,20:27.9,E:\L7910_NZ01_20160119\L7910_NZ01_002K_AIFF\L7910NZ01_002K_M05_20160604\L7910NZ01_002K_M05_multi_20160604_061500Z.aif,L7910NZ01_002K_M05_multi_20160604_061500Z.aif,327.907,71.8605,6.214,EQ,,2016p419631
238,Spectrogram 1,1,11994816.28,11994921.63,0,143.7,6/5/2016,21,53:36.3,E:\L7910_NZ01_20160119\L7910_NZ01_002K_AIFF\L7910NZ01_002K_M05_20160605\L7910NZ01_002K_M05_multi_20160605_214500Z.aif,L7910NZ01_002K_M05_multi_20160605_214500Z.aif,516.279,105.3488,10.903,EQ,,2016p424085
239,Spectrogram 1,2,11994811.4,11994899.3,0,141,6/5/2016,21,53:31.4,E:\L7910_NZ01_20160119\L7910_NZ01_002K_AIFF\L7910NZ01_002K_M05_20160605\L7910NZ01_002K_M05_multi_20160605_214500Z.aif,L7910NZ01_002K_M05_multi_20160605_214500Z.aif,511.3955,87.907,15.049,EQ,,2016p424085
240,Spectrogram 1,3,11994807.91,11994895.12,0,147.1,6/5/2016,21,53:27.9,E:\L7910_NZ01_20160119\L7910_NZ01_002K_AIFF\L7910NZ01_002K_M05_20160605\L7910NZ01_002K_M05_multi_20160605_214500Z.aif,L7910NZ01_002K_M05_multi_20160605_214500Z.aif,507.907,87.2093,22.817,EQ,,2016p424085
241,Spectrogram 1,4,11994804.42,11994889.53,0,137.5,6/5/2016,21,53:24.4,E:\L7910_NZ01_20160119\L7910_NZ01_002K_AIFF\L7910NZ01_002K_M05_20160605\L7910NZ01_002K_M05_multi_20160605_214500Z.aif,L7910NZ01_002K_M05_multi_20160605_214500Z.aif,504.4185,85.1163,21.472,EQ,,2016p424085
242,Spectrogram 1,5,11994806.51,11994890.23,0,138.7,6/5/2016,21,53:26.5,E:\L7910_NZ01_20160119\L7910_NZ01_002K_AIFF\L7910NZ01_002K_M05_20160605\L7910NZ01_002K_M05_multi_20160605_214500Z.aif,L7910NZ01_002K_M05_multi_20160605_214500Z.aif,506.5115,83.7209,12.279,EQ,,2016p424085
243,Spectrogram 1,1,12103693.26,12103762.33,0,146.9,6/7/2016,4,08:13.3,E:\L7910_NZ01_20160119\L7910_NZ01_002K_AIFF\L7910NZ01_002K_M05_20160607\L7910NZ01_002K_M05_multi_20160607_040000Z.aif,L7910NZ01_002K_M05_multi_20160607_040000Z.aif,493.256,69.0698,22.361,EQ,,2016p427491
244,Spectrogram 1,2,12103684.19,12103759.53,0,144,6/7/2016,4,08:04.2,E:\L7910_NZ01_20160119\L7910_NZ01_002K_AIFF\L7910NZ01_002K_M05_20160607\L7910NZ01_002K_M05_multi_20160607_040000Z.aif,L7910NZ01_002K_M05_multi_20160607_040000Z.aif,484.186,75.3488,30.702,EQ,,2016p427491
245,Spectrogram 1,3,12103686.28,12103760.23,0,147.1,6/7/2016,4,08:06.3,E:\L7910_NZ01_20160119\L7910_NZ01_002K_AIFF\L7910NZ01_002K_M05_20160607\L7910NZ01_002K_M05_multi_20160607_040000Z.aif,L7910NZ01_002K_M05_multi_20160607_040000Z.aif,486.279,73.9535,32.215,EQ,,2016p427491
246,Spectrogram 1,4,12103687.67,12103770,0,143.7,6/7/2016,4,08:07.7,E:\L7910_NZ01_20160119\L7910_NZ01_002K_AIFF\L7910NZ01_002K_M05_20160607\L7910NZ01_002K_M05_multi_20160607_040000Z.aif,L7910NZ01_002K_M05_multi_20160607_040000Z.aif,487.6745,82.3256,28.822,EQ,,2016p427491
247,Spectrogram 1,5,12103698.14,12103790.23,0,142.5,6/7/2016,4,08:18.1,E:\L7910_NZ01_20160119\L7910_NZ01_002K_AIFF\L7910NZ01_002K_M05_20160607\L7910NZ01_002K_M05_multi_20160607_040000Z.aif,L7910NZ01_002K_M05_multi_20160607_040000Z.aif,498.1395,92.093,15.227,EQ,,2016p427491
248,Spectrogram 1,1,12454629.07,12454691.86,0,137.5,6/11/2016,5,37:09.1,E:\L7910_NZ01_20160119\L7910_NZ01_002K_AIFF\L7910NZ01_002K_M05_20160611\L7910NZ01_002K_M05_multi_20160611_053000Z.aif,L7910NZ01_002K_M05_multi_20160611_053000Z.aif,429.07,62.7907,10.657,EQ,,2016p438469
249,Spectrogram 1,2,12454610.23,12454689.77,0,147,6/11/2016,5,36:50.2,E:\L7910_NZ01_20160119\L7910_NZ01_002K_AIFF\L7910NZ01_002K_M05_20160611\L7910NZ01_002K_M05_multi_20160611_053000Z.aif,L7910NZ01_002K_M05_multi_20160611_053000Z.aif,410.2325,79.5349,20.272,EQ,,2016p438469
250,Spectrogram 1,3,12454612.33,12454690.47,0,144.2,6/11/2016,5,36:52.3,E:\L7910_NZ01_20160119\L7910_NZ01_002K_AIFF\L7910NZ01_002K_M05_20160611\L7910NZ01_002K_M05_multi_20160611_053000Z.aif,L7910NZ01_002K_M05_multi_20160611_053000Z.aif,412.3255,78.1395,29.016,EQ,,2016p438469
251,Spectrogram 1,4,12454622.79,12454700.23,0,143.7,6/11/2016,5,37:02.8,E:\L7910_NZ01_20160119\L7910_NZ01_002K_AIFF\L7910NZ01_002K_M05_20160611\L7910NZ01_002K_M05_multi_20160611_053000Z.aif,L7910NZ01_002K_M05_multi_20160611_053000Z.aif,422.7905,77.4419,14.816,EQ,,2016p438469
252,Spectrogram 1,1,12491877.91,12491960.23,0,137.5,6/11/2016,15,57:57.9,E:\L7910_NZ01_20160119\L7910_NZ01_002K_AIFF\L7910NZ01_002K_M05_20160611\L7910NZ01_002K_M05_multi_20160611_154500Z.aif,L7910NZ01_002K_M05_multi_20160611_154500Z.aif,777.907,82.3256,14.328,EQ,,2016p439634
253,Spectrogram 1,2,12491857.67,12491949.77,0,144,6/11/2016,15,57:37.7,E:\L7910_NZ01_20160119\L7910_NZ01_002K_AIFF\L7910NZ01_002K_M05_20160611\L7910NZ01_002K_M05_multi_20160611_154500Z.aif,L7910NZ01_002K_M05_multi_20160611_154500Z.aif,757.6745,92.093,22.584,EQ,,2016p439634
254,Spectrogram 1,3,12491854.19,12491951.16,0,144.2,6/11/2016,15,57:34.2,E:\L7910_NZ01_20160119\L7910_NZ01_002K_AIFF\L7910NZ01_002K_M05_20160611\L7910NZ01_002K_M05_multi_20160611_154500Z.aif,L7910NZ01_002K_M05_multi_20160611_154500Z.aif,754.186,96.9767,34.252,EQ,,2016p439634
255,Spectrogram 1,4,12491858.37,12491944.88,0,140.6,6/11/2016,15,57:38.4,E:\L7910_NZ01_20160119\L7910_NZ01_002K_AIFF\L7910NZ01_002K_M05_20160611\L7910NZ01_002K_M05_multi_20160611_154500Z.aif,L7910NZ01_002K_M05_multi_20160611_154500Z.aif,758.372,86.5116,25.043,EQ,,2016p439634
256,Spectrogram 1,5,12491868.84,12491950.47,0,142.5,6/11/2016,15,57:48.8,E:\L7910_NZ01_20160119\L7910_NZ01_002K_AIFF\L7910NZ01_002K_M05_20160611\L7910NZ01_002K_M05_multi_20160611_154500Z.aif,L7910NZ01_002K_M05_multi_20160611_154500Z.aif,768.837,81.6279,17.445,EQ,,2016p439634
257,Spectrogram 1,1,12674909.3,12674979.07,0,140.6,6/13/2016,18,48:29.3,E:\L7910_NZ01_20160119\L7910_NZ01_002K_AIFF\L7910NZ01_002K_M05_20160613\L7910NZ01_002K_M05_multi_20160613_184500Z.aif,L7910NZ01_002K_M05_multi_20160613_184500Z.aif,209.3025,69.7674,10.355,EQ,,2016p445360
258,Spectrogram 1,2,12674907.91,12674972.79,0,141,6/13/2016,18,48:27.9,E:\L7910_NZ01_20160119\L7910_NZ01_002K_AIFF\L7910NZ01_002K_M05_20160613\L7910NZ01_002K_M05_multi_20160613_184500Z.aif,L7910NZ01_002K_M05_multi_20160613_184500Z.aif,207.907,64.8837,14.421,EQ,,2016p445360
259,Spectrogram 1,3,12674913.49,12674990.23,0,141.3,6/13/2016,18,48:33.5,E:\L7910_NZ01_20160119\L7910_NZ01_002K_AIFF\L7910NZ01_002K_M05_20160613\L7910NZ01_002K_M05_multi_20160613_184500Z.aif,L7910NZ01_002K_M05_multi_20160613_184500Z.aif,213.4885,76.7442,16.313,EQ,,2016p445360
260,Spectrogram 1,1,12901116.28,12901189.53,0,143.7,6/16/2016,9,38:36.3,E:\L7910_NZ01_20160119\L7910_NZ01_002K_AIFF\L7910NZ01_002K_M05_20160616\L7910NZ01_002K_M05_multi_20160616_093000Z.aif,L7910NZ01_002K_M05_multi_20160616_093000Z.aif,516.279,73.2558,11.672,EQ,,2016p452435
261,Spectrogram 1,2,12901099.53,12901198.6,0,141,6/16/2016,9,38:19.5,E:\L7910_NZ01_20160119\L7910_NZ01_002K_AIFF\L7910NZ01_002K_M05_20160616\L7910NZ01_002K_M05_multi_20160616_093000Z.aif,L7910NZ01_002K_M05_multi_20160616_093000Z.aif,499.535,99.0698,26.254,EQ,,2016p452435
262,Spectrogram 1,3,12901097.44,12901191.63,0,144.2,6/16/2016,9,38:17.4,E:\L7910_NZ01_20160119\L7910_NZ01_002K_AIFF\L7910NZ01_002K_M05_20160616\L7910NZ01_002K_M05_multi_20160616_093000Z.aif,L7910NZ01_002K_M05_multi_20160616_093000Z.aif,497.442,94.186,39.604,EQ,,2016p452435
263,Spectrogram 1,4,12901110,12901201.4,0,146.9,6/16/2016,9,38:30.0,E:\L7910_NZ01_20160119\L7910_NZ01_002K_AIFF\L7910NZ01_002K_M05_20160616\L7910NZ01_002K_M05_multi_20160616_093000Z.aif,L7910NZ01_002K_M05_multi_20160616_093000Z.aif,510,91.3953,22.354,EQ,,2016p452435
264,Spectrogram 1,5,12901124.65,12901209.07,0,135,6/16/2016,9,38:44.7,E:\L7910_NZ01_20160119\L7910_NZ01_002K_AIFF\L7910NZ01_002K_M05_20160616\L7910NZ01_002K_M05_multi_20160616_093000Z.aif,L7910NZ01_002K_M05_multi_20160616_093000Z.aif,524.651,84.4186,8.918,EQ,,2016p452435
265,Spectrogram 1,1,13401085.12,13401171.63,0,143.7,6/22/2016,4,31:25.1,E:\L7910_NZ01_20160119\L7910_NZ01_002K_AIFF\L7910NZ01_002K_M05_20160622\L7910NZ01_002K_M05_multi_20160622_043000Z.aif,L7910NZ01_002K_M05_multi_20160622_043000Z.aif,85.1165,86.5116,17.025,EQ,,2016p468073
266,Spectrogram 1,2,13401073.95,13401163.95,0,144,6/22/2016,4,31:14.0,E:\L7910_NZ01_20160119\L7910_NZ01_002K_AIFF\L7910NZ01_002K_M05_20160622\L7910NZ01_002K_M05_multi_20160622_043000Z.aif,L7910NZ01_002K_M05_multi_20160622_043000Z.aif,73.9535,90,24.538,EQ,,2016p468073
267,Spectrogram 1,3,13401072.56,13401159.77,0,147.1,6/22/2016,4,31:12.6,E:\L7910_NZ01_20160119\L7910_NZ01_002K_AIFF\L7910NZ01_002K_M05_20160622\L7910NZ01_002K_M05_multi_20160622_043000Z.aif,L7910NZ01_002K_M05_multi_20160622_043000Z.aif,72.558,87.2093,33.979,EQ,,2016p468073
268,Spectrogram 1,4,13401076.05,13401160.47,0,146.9,6/22/2016,4,31:16.0,E:\L7910_NZ01_20160119\L7910_NZ01_002K_AIFF\L7910NZ01_002K_M05_20160622\L7910NZ01_002K_M05_multi_20160622_043000Z.aif,L7910NZ01_002K_M05_multi_20160622_043000Z.aif,76.0465,84.4186,30.965,EQ,,2016p468073
269,Spectrogram 1,5,13401086.51,13401168.14,0,146.2,6/22/2016,4,31:26.5,E:\L7910_NZ01_20160119\L7910_NZ01_002K_AIFF\L7910NZ01_002K_M05_20160622\L7910NZ01_002K_M05_multi_20160622_043000Z.aif,L7910NZ01_002K_M05_multi_20160622_043000Z.aif,86.5115,81.6279,17.403,EQ,,2016p468073
270,Spectrogram 1,1,13465559.3,13465633.95,0,140.6,6/22/2016,22,25:59.3,E:\L7910_NZ01_20160119\L7910_NZ01_002K_AIFF\L7910NZ01_002K_M05_20160622\L7910NZ01_002K_M05_multi_20160622_221500Z.aif,L7910NZ01_002K_M05_multi_20160622_221500Z.aif,659.3025,74.6512,12.907,EQ,,2016p470092
271,Spectrogram 1,2,13465546.74,13465621.4,0,141,6/22/2016,22,25:46.7,E:\L7910_NZ01_20160119\L7910_NZ01_002K_AIFF\L7910NZ01_002K_M05_20160622\L7910NZ01_002K_M05_multi_20160622_221500Z.aif,L7910NZ01_002K_M05_multi_20160622_221500Z.aif,646.744,74.6512,23.294,EQ,,2016p470092
272,Spectrogram 1,3,13465547.44,13465631.16,0,147.1,6/22/2016,22,25:47.4,E:\L7910_NZ01_20160119\L7910_NZ01_002K_AIFF\L7910NZ01_002K_M05_20160622\L7910NZ01_002K_M05_multi_20160622_221500Z.aif,L7910NZ01_002K_M05_multi_20160622_221500Z.aif,647.442,83.7209,32.528,EQ,,2016p470092
273,Spectrogram 1,4,13465557.91,13465633.26,0,146.9,6/22/2016,22,25:57.9,E:\L7910_NZ01_20160119\L7910_NZ01_002K_AIFF\L7910NZ01_002K_M05_20160622\L7910NZ01_002K_M05_multi_20160622_221500Z.aif,L7910NZ01_002K_M05_multi_20160622_221500Z.aif,657.907,75.3488,21.138,EQ,,2016p470092
274,Spectrogram 1,5,13465569.77,13465640.23,0,138.7,6/22/2016,22,26:09.8,E:\L7910_NZ01_20160119\L7910_NZ01_002K_AIFF\L7910NZ01_002K_M05_20160622\L7910NZ01_002K_M05_multi_20160622_221500Z.aif,L7910NZ01_002K_M05_multi_20160622_221500Z.aif,669.7675,70.4651,9.332,EQ,,2016p470092
275,Spectrogram 1,1,13603172.09,13603253.02,0,128.1,6/24/2016,12,39:32.1,E:\L7910_NZ01_20160119\L7910_NZ01_002K_AIFF\L7910NZ01_002K_M05_20160624\L7910NZ01_002K_M05_multi_20160624_123000Z.aif,L7910NZ01_002K_M05_multi_20160624_123000Z.aif,572.093,80.9302,21.771,EQ,,2016p474397
276,Spectrogram 1,2,13603155.35,13603251.63,0,146.7,6/24/2016,12,39:15.3,E:\L7910_NZ01_20160119\L7910_NZ01_002K_AIFF\L7910NZ01_002K_M05_20160624\L7910NZ01_002K_M05_multi_20160624_123000Z.aif,L7910NZ01_002K_M05_multi_20160624_123000Z.aif,555.349,96.2791,29.149,EQ,,2016p474397
277,Spectrogram 1,3,13603145.58,13603248.84,0,141.3,6/24/2016,12,39:05.6,E:\L7910_NZ01_20160119\L7910_NZ01_002K_AIFF\L7910NZ01_002K_M05_20160624\L7910NZ01_002K_M05_multi_20160624_123000Z.aif,L7910NZ01_002K_M05_multi_20160624_123000Z.aif,545.5815,103.2558,39.832,EQ,,2016p474397
278,Spectrogram 1,4,13603153.95,13603248.84,0,146.9,6/24/2016,12,39:14.0,E:\L7910_NZ01_20160119\L7910_NZ01_002K_AIFF\L7910NZ01_002K_M05_20160624\L7910NZ01_002K_M05_multi_20160624_123000Z.aif,L7910NZ01_002K_M05_multi_20160624_123000Z.aif,553.9535,94.8837,31.742,EQ,,2016p474397
279,Spectrogram 1,5,13603165.81,13603260,0,138.7,6/24/2016,12,39:25.8,E:\L7910_NZ01_20160119\L7910_NZ01_002K_AIFF\L7910NZ01_002K_M05_20160624\L7910NZ01_002K_M05_multi_20160624_123000Z.aif,L7910NZ01_002K_M05_multi_20160624_123000Z.aif,565.814,94.186,22.822,EQ,,2016p474397
280,Spectrogram 1,1,13915082.09,13915180.47,0,138.5,6/28/2016,3,18:02.1,E:\L7910_NZ01_20160119\L7910_NZ01_002K_AIFF\L7910NZ01_002K_M05_20160628\L7910NZ01_002K_M05_multi_20160628_031500Z.aif,L7910NZ01_002K_M05_multi_20160628_031500Z.aif,182.093,98.3721,19.959,EQ,,2016p484154
281,Spectrogram 1,2,13915068.84,13915162.33,0,133.7,6/28/2016,3,17:48.8,E:\L7910_NZ01_20160119\L7910_NZ01_002K_AIFF\L7910NZ01_002K_M05_20160628\L7910NZ01_002K_M05_multi_20160628_031500Z.aif,L7910NZ01_002K_M05_multi_20160628_031500Z.aif,168.837,93.4884,28.477,EQ,,2016p484154
282,Spectrogram 1,3,13915067.44,13915153.26,0,141.3,6/28/2016,3,17:47.4,E:\L7910_NZ01_20160119\L7910_NZ01_002K_AIFF\L7910NZ01_002K_M05_20160628\L7910NZ01_002K_M05_multi_20160628_031500Z.aif,L7910NZ01_002K_M05_multi_20160628_031500Z.aif,167.442,85.814,40.553,EQ,,2016p484154
283,Spectrogram 1,4,13915070.23,13915170,0,140.6,6/28/2016,3,17:50.2,E:\L7910_NZ01_20160119\L7910_NZ01_002K_AIFF\L7910NZ01_002K_M05_20160628\L7910NZ01_002K_M05_multi_20160628_031500Z.aif,L7910NZ01_002K_M05_multi_20160628_031500Z.aif,170.2325,99.7674,30.824,EQ,,2016p484154
284,Spectrogram 1,5,13915084.88,13915172.09,0,142.5,6/28/2016,3,18:04.9,E:\L7910_NZ01_20160119\L7910_NZ01_002K_AIFF\L7910NZ01_002K_M05_20160628\L7910NZ01_002K_M05_multi_20160628_031500Z.aif,L7910NZ01_002K_M05_multi_20160628_031500Z.aif,184.8835,87.2093,17.642,EQ,,2016p484154
