"","publicid","origintime","longitude","latitude","magnitude","depth","Date","Time","DateTime","DateTime_PreviousQuake","HoursBetween","swarm","EventID","quakes_in_swarm","swarm_duration"
"1","2016p059756","2016-01-23T02:38:10.709Z",173.423645,-39.70542526,3.130042882,12,2016-01-23,"02:38:10",2016-01-23 02:38:10,NA,0,NA,1,1,0
"2","2016p069614","2016-01-26T18:10:40.081Z",173.1400146,-41.61542892,3.058572719,49.10004425,2016-01-26,"18:10:40",2016-01-26 18:10:40,2016-01-23 02:38:10,87.5416666666667,FALSE,2,1,0
"3","2016p072185","2016-01-27T17:00:13.558Z",173.7778473,-41.2877388,3.26262868,35.65059662,2016-01-27,"17:00:13",2016-01-27 17:00:13,2016-01-26 18:10:40,22.8258333333333,FALSE,3,1,0
"4","2016p075939","2016-01-29T02:20:19.699Z",174.4073334,-41.35260773,4.073348951,32.4768219,2016-01-29,"02:20:19",2016-01-29 02:20:19,2016-01-27 17:00:13,33.335,FALSE,4,1,0
"5","2016p085032","2016-02-01T11:05:09.422Z",175.3370819,-38.56066132,4.102486714,257.8292847,2016-02-01,"11:05:09",2016-02-01 11:05:09,2016-01-29 02:20:19,80.7472222222222,FALSE,5,1,0
"6","2016p086432","2016-02-01T23:31:04.592Z",174.9075623,-39.02223587,3.697536299,194.428299,2016-02-01,"23:31:04",2016-02-01 23:31:04,2016-02-01 11:05:09,12.4319444444444,FALSE,6,1,0
"7","2016p105478","2016-02-09T00:39:00.115Z",173.0748256,-42.06829695,5.745135209,48.125,2016-02-09,"00:39:00",2016-02-09 00:39:00,2016-02-01 23:31:04,169.132222222222,FALSE,7,1,0
"8","2016p110956","2016-02-11T01:17:22.921Z",175.1106873,-40.55738068,3.758122064,5,2016-02-11,"01:17:22",2016-02-11 01:17:22,2016-02-10 00:05:30,25.1977777777778,FALSE,9,1,0
"9","2016p125347","2016-02-16T09:05:14.407Z",174.8363495,-40.67397308,3.359171165,26.4154129,2016-02-16,"09:05:14",2016-02-16 09:05:14,2016-02-11 01:17:22,127.797777777778,FALSE,10,1,0
"10","2016p127070","2016-02-17T00:23:18.611Z",174.062439,-41.90037537,3.381678489,9.478432655,2016-02-17,"00:23:18",2016-02-17 00:23:18,2016-02-16 09:05:14,15.3011111111111,FALSE,11,1,0
"11","2016p128172","2016-02-17T10:10:15.126Z",174.1015015,-41.92209625,3.30248571,9.702926636,2016-02-17,"10:10:15",2016-02-17 10:10:15,2016-02-17 00:23:18,9.7825,FALSE,12,1,0
"12","2016p129367","2016-02-17T20:46:51.731Z",173.2274017,-39.98880768,3.025107617,8.772040367,2016-02-17,"20:46:51",2016-02-17 20:46:51,2016-02-17 10:10:15,10.61,FALSE,13,1,0
"13","2016p140897","2016-02-22T03:09:56.022Z",174.2548218,-41.89204025,4.968265244,7.667494297,2016-02-22,"03:09:56",2016-02-22 03:09:56,2016-02-21 18:00:59,9.14916666666667,FALSE,15,1,0
"14","2016p143653","2016-02-23T03:38:51.402Z",173.5016785,-40.30918884,3.291146744,194.3353729,2016-02-23,"03:38:51",2016-02-23 03:38:51,2016-02-22 03:09:56,24.4819444444444,FALSE,16,1,0
"15","2016p146267","2016-02-24T02:51:28.099Z",173.7811794,-39.34818057,3.065040065,13.203125,2016-02-24,"02:51:28",2016-02-24 02:51:28,2016-02-23 03:38:51,23.2102777777778,FALSE,17,1,0
"16","2016p160705","2016-02-29T11:03:46.918Z",174.9460754,-41.37350845,3.171582444,19.79110527,2016-02-29,"11:03:46",2016-02-29 11:03:46,2016-02-27 01:20:36,57.7194444444444,FALSE,19,1,0
"17","2016p162941","2016-03-01T06:55:21.213Z",174.8467407,-40.12779617,3.135690182,11.76574802,2016-03-01,"06:55:21",2016-03-01 06:55:21,2016-02-29 11:03:46,19.8597222222222,FALSE,20,1,0
"18","2016p166329","2016-03-02T13:01:29.648Z",174.2562352,-40.15090012,3.731440188,140.9375,2016-03-02,"13:01:29",2016-03-02 13:01:29,2016-03-01 06:55:21,30.1022222222222,FALSE,21,1,0
"19","2016p167557","2016-03-02T23:54:28.800Z",174.8625183,-40.12263107,4.554939599,17.67222977,2016-03-02,"23:54:28",2016-03-02 23:54:28,2016-03-02 13:01:29,10.8830555555556,FALSE,22,1,0
"20","2016p171079","2016-03-04T07:11:22.135Z",175.3447571,-40.77601242,3.432135394,21.63479233,2016-03-04,"07:11:22",2016-03-04 07:11:22,2016-03-02 23:54:28,31.2816666666667,FALSE,23,1,0
"21","2016p173365","2016-03-05T03:29:23.040Z",174.7276917,-40.87385941,3.15351368,6.748028278,2016-03-05,"03:29:23",2016-03-05 03:29:23,2016-03-04 07:11:22,20.3002777777778,FALSE,24,1,0
"22","2016p177021","2016-03-06T11:56:53.331Z",175.080661,-39.17588369,3.061540038,24.921875,2016-03-06,"11:56:53",2016-03-06 11:56:53,2016-03-05 03:29:23,32.4583333333333,FALSE,25,1,0
"23","2016p180035","2016-03-07T14:43:08.510Z",173.6898651,-42.18585587,3.186169287,25.82084084,2016-03-07,"14:43:08",2016-03-07 14:43:08,2016-03-06 11:56:53,26.7708333333333,FALSE,26,1,0
"24","2016p183087","2016-03-08T17:49:03.248Z",175.3206668,-39.11441058,3.071433717,14.7265625,2016-03-08,"17:49:03",2016-03-08 17:49:03,2016-03-07 14:43:08,27.0986111111111,FALSE,27,1,0
"25","2016p190467","2016-03-11T11:21:19.045Z",173.6199036,-40.93999481,3.053977628,74.68270111,2016-03-11,"11:21:19",2016-03-11 11:21:19,2016-03-10 23:49:14,11.5347222222222,FALSE,29,1,0
"26","2016p196004","2016-03-13T12:31:21.837Z",172.2995976,-41.74842931,3.422860111,82.8125,2016-03-13,"12:31:21",2016-03-13 12:31:21,2016-03-11 11:21:19,48.1672222222222,FALSE,30,1,0
"27","2016p205021","2016-03-16T20:35:20.825Z",173.0705872,-42.27165222,3.039768495,12,2016-03-16,"20:35:20",2016-03-16 20:35:20,2016-03-14 17:38:12,50.9522222222222,FALSE,32,1,0
"28","2016p219547","2016-03-22T05:34:56.964Z",173.0157838,-42.27105083,3.780000638,23.984375,2016-03-22,"05:34:56",2016-03-22 05:34:56,2016-03-16 20:35:20,128.993333333333,FALSE,33,1,0
"29","2016p223944","2016-03-23T20:37:50.161Z",175.0842939,-39.24979076,3.439265874,27.1484375,2016-03-23,"20:37:50",2016-03-23 20:37:50,2016-03-23 10:27:16,10.1761111111111,FALSE,35,1,0
"30","2016p232377","2016-03-26T23:30:57.641Z",174.8699951,-40.12363434,3.56481686,18.63004875,2016-03-26,"23:30:57",2016-03-26 23:30:57,2016-03-24 19:27:14,52.0619444444444,FALSE,37,1,0
"31","2016p234061","2016-03-27T14:28:03.939Z",174.4492695,-40.7021857,3.727897843,63.59375,2016-03-27,"14:28:03",2016-03-27 14:28:03,2016-03-26 23:30:57,14.9516666666667,FALSE,38,1,0
"32","2016p237473","2016-03-28T20:45:52.960Z",172.6182861,-41.25126648,3.560914765,197.5764618,2016-03-28,"20:45:52",2016-03-28 20:45:52,2016-03-27 14:28:03,30.2969444444444,FALSE,39,1,0
"33","2016p242416","2016-03-30T16:39:40.734Z",174.1213531,-42.28187561,3.134148491,12.38349438,2016-03-30,"16:39:40",2016-03-30 16:39:40,2016-03-28 20:45:52,43.8966666666667,FALSE,40,1,0
"34","2016p252391","2016-04-03T09:14:50.243Z",175.1691895,-38.74386597,3.148644062,242.8301697,2016-04-03,"09:14:50",2016-04-03 09:14:50,2016-04-01 02:00:04,55.2461111111111,FALSE,42,1,0
"35","2016p257730","2016-04-05T08:39:06.121Z",172.478468,-40.52150414,3.24865703,346.25,2016-04-05,"08:39:06",2016-04-05 08:39:06,2016-04-04 20:01:46,12.6222222222222,FALSE,44,1,0
"36","2016p263259","2016-04-07T09:44:47.060Z",174.4049683,-41.54577637,3.247858798,9.487145424,2016-04-07,"09:44:47",2016-04-07 09:44:47,2016-04-05 08:39:06,49.0947222222222,FALSE,45,1,0
"37","2016p266218","2016-04-08T12:01:13.827Z",174.5556488,-39.40223312,3.559854274,146.0439301,2016-04-08,"12:01:13",2016-04-08 12:01:13,2016-04-07 09:44:47,26.2738888888889,FALSE,46,1,0
"38","2016p278449","2016-04-13T00:38:09.135Z",174.9245148,-40.36644363,3.026658673,32.49965286,2016-04-13,"00:38:09",2016-04-13 00:38:09,2016-04-12 06:47:33,17.8433333333333,FALSE,49,1,0
"39","2016p283637","2016-04-14T22:43:21.032Z",174.7835846,-39.37581253,3.485644509,147.9259491,2016-04-14,"22:43:21",2016-04-14 22:43:21,2016-04-13 00:38:09,46.0866666666667,FALSE,50,1,0
"40","2016p284758","2016-04-15T08:39:35.997Z",175.3275365,-39.11878895,3.066144396,13.7890625,2016-04-15,"08:39:35",2016-04-15 08:39:35,2016-04-14 22:43:21,9.93722222222222,FALSE,51,1,0
"41","2016p300395","2016-04-21T03:30:35.700Z",174.9589386,-38.95147705,3.025388765,199.8073578,2016-04-21,"03:30:35",2016-04-21 03:30:35,2016-04-15 08:39:35,138.85,FALSE,52,1,0
"42","2016p303279","2016-04-22T05:07:18.635Z",174.9901428,-39.50875854,3.052875824,22.19772911,2016-04-22,"05:07:18",2016-04-22 05:07:18,2016-04-21 03:30:35,25.6119444444444,FALSE,53,1,0
"43","2016p305861","2016-04-23T04:02:46.694Z",174.8325348,-39.11539078,3.208335108,189.5749817,2016-04-23,"04:02:46",2016-04-23 04:02:46,2016-04-22 05:07:18,22.9244444444444,FALSE,54,1,0
"44","2016p311825","2016-04-25T09:00:51.764Z",174.2468109,-39.62550354,3.156995044,190.3023834,2016-04-25,"09:00:51",2016-04-25 09:00:51,2016-04-24 14:32:21,18.475,FALSE,56,1,0
"45","2016p314642","2016-04-26T10:01:30.520Z",173.4910431,-40.25192261,3.056890125,178.4654388,2016-04-26,"10:01:30",2016-04-26 10:01:30,2016-04-25 09:00:51,25.0108333333333,FALSE,57,1,0
"46","2016p316432","2016-04-27T01:56:36.144Z",174.6053467,-40.00694656,3.333907955,93.63026428,2016-04-27,"01:56:36",2016-04-27 01:56:36,2016-04-26 10:01:30,15.9183333333333,FALSE,58,1,0
"47","2016p321165","2016-04-28T19:57:13.414Z",174.5224601,-40.97876701,3.794711477,39.921875,2016-04-28,"19:57:13",2016-04-28 19:57:13,2016-04-27 01:56:36,42.0102777777778,FALSE,59,1,0
"48","2016p332674","2016-05-03T02:09:00.674Z",174.2251892,-39.61403275,3.202176273,181.1904297,2016-05-03,"02:09:00",2016-05-03 02:09:00,2016-04-28 19:57:13,102.196388888889,FALSE,60,1,0
"49","2016p336534","2016-05-04T12:25:28.214Z",173.8195496,-39.83924866,3.106123037,194.5833435,2016-05-04,"12:25:28",2016-05-04 12:25:28,2016-05-03 02:09:00,34.2744444444444,FALSE,61,1,0
"50","2016p337803","2016-05-04T23:41:34.553Z",174.6525574,-41.04477692,3.053528429,21.90081215,2016-05-04,"23:41:34",2016-05-04 23:41:34,2016-05-04 12:25:28,11.2683333333333,FALSE,62,1,0
"51","2016p344173","2016-05-07T08:15:55.136Z",174.7011566,-38.88910675,3.14994983,15.10159111,2016-05-07,"08:15:55",2016-05-07 08:15:55,2016-05-04 23:41:34,56.5725,FALSE,63,1,0
"52","2016p348351","2016-05-08T21:21:31.733Z",173.9010468,-42.04479218,3.127027398,26.30260468,2016-05-08,"21:21:31",2016-05-08 21:21:31,2016-05-07 08:15:55,37.0933333333333,FALSE,64,1,0
"53","2016p350583","2016-05-09T17:11:05.429Z",174.0997925,-41.71069336,3.051069922,10.84880543,2016-05-09,"17:11:05",2016-05-09 17:11:05,2016-05-08 21:21:31,19.8261111111111,FALSE,65,1,0
"54","2016p361097","2016-05-13T14:32:31.227Z",175.4980316,-39.31856918,3.035207333,11.22273731,2016-05-13,"14:32:31",2016-05-13 14:32:31,2016-05-12 06:15:23,32.2855555555556,FALSE,67,1,0
"55","2016p383528","2016-05-21T21:43:45.577Z",171.4115143,-42.34521866,3.562150788,5,2016-05-21,"21:43:45",2016-05-21 21:43:45,2016-05-14 18:23:03,171.345,FALSE,69,1,0
"56","2016p389145","2016-05-23T23:36:26.290Z",174.0737457,-40.43613815,3.230236853,75.84237671,2016-05-23,"23:36:26",2016-05-23 23:36:26,2016-05-21 21:43:45,49.8780555555556,FALSE,70,1,0
"57","2016p394455","2016-05-25T22:45:50.389Z",175.191864,-40.52155304,3.152549179,24.72719193,2016-05-25,"22:45:50",2016-05-25 22:45:50,2016-05-23 23:36:26,47.1566666666667,FALSE,71,1,0
"58","2016p395423","2016-05-26T07:21:13.767Z",174.4039534,-41.50238864,4.292364972,14.609375,2016-05-26,"07:21:13",2016-05-26 07:21:13,2016-05-25 22:45:50,8.58972222222222,FALSE,72,1,0
"59","2016p397820","2016-05-27T04:38:50.874Z",172.7474213,-41.32100296,3.421201313,135.8382874,2016-05-27,"04:38:50",2016-05-27 04:38:50,2016-05-26 07:21:13,21.2936111111111,FALSE,73,1,0
"60","2016p403752","2016-05-29T09:19:05.692Z",173.5915254,-39.61192152,3.160531475,21.40625,2016-05-29,"09:19:05",2016-05-29 09:19:05,2016-05-27 04:38:50,52.6708333333333,FALSE,74,1,0
"61","2016p416905","2016-06-03T06:07:10.260Z",172.7305197,-41.40048407,3.019163329,125.9375,2016-06-03,"06:07:10",2016-06-03 06:07:10,2016-05-29 09:19:05,116.801388888889,FALSE,75,1,0
"62","2016p418574","2016-06-03T20:56:19.051Z",173.9619751,-39.68439865,3.42426739,189.222641,2016-06-03,"20:56:19",2016-06-03 20:56:19,2016-06-03 06:07:10,14.8191666666667,FALSE,76,1,0
"63","2016p419631","2016-06-04T06:19:44.432Z",172.7917328,-41.33234787,3.059940763,127.8037643,2016-06-04,"06:19:44",2016-06-04 06:19:44,2016-06-03 20:56:19,9.39027777777778,FALSE,77,1,0
"64","2016p424085","2016-06-05T21:52:46.537Z",172.8458405,-41.31033325,3.560707766,135.2788239,2016-06-05,"21:52:46",2016-06-05 21:52:46,2016-06-04 06:19:44,39.5505555555556,FALSE,78,1,0
"65","2016p427491","2016-06-07T04:07:36.873Z",174.2951813,-40.1048317,3.678503189,85.86700439,2016-06-07,"04:07:36",2016-06-07 04:07:36,2016-06-05 21:52:46,30.2472222222222,FALSE,79,1,0
"66","2016p438469","2016-06-11T05:36:30.259Z",174.8211975,-40.17793274,3.292279163,13.45981407,2016-06-11,"05:36:30",2016-06-11 05:36:30,2016-06-07 04:07:36,97.4816666666667,FALSE,80,1,0
"67","2016p439634","2016-06-11T15:57:01.175Z",174.1778107,-41.61011505,4.482469633,20.67872238,2016-06-11,"15:57:01",2016-06-11 15:57:01,2016-06-11 05:36:30,10.3419444444444,FALSE,81,1,0
"68","2016p445360","2016-06-13T18:47:51.244Z",175.3684387,-38.72816086,3.401255055,5,2016-06-13,"18:47:51",2016-06-13 18:47:51,2016-06-11 15:57:01,50.8472222222222,FALSE,82,1,0
"69","2016p452435","2016-06-16T09:37:58.403Z",175.1589203,-40.2265358,3.431327528,16.12910271,2016-06-16,"09:37:58",2016-06-16 09:37:58,2016-06-15 23:47:39,9.83861111111111,FALSE,84,1,0
"70","2016p468073","2016-06-22T04:30:57.666Z",174.2778473,-40.36727142,3.208220822,63.00486755,2016-06-22,"04:30:57",2016-06-22 04:30:57,2016-06-21 13:13:57,15.2833333333333,FALSE,87,1,0
"71","2016p470092","2016-06-22T22:25:30.059Z",174.9912872,-39.90846252,3.001803294,25.71006966,2016-06-22,"22:25:30",2016-06-22 22:25:30,2016-06-22 04:30:57,17.9091666666667,FALSE,88,1,0
"72","2016p474397","2016-06-24T12:38:43.743Z",174.4190826,-41.55581665,4.699558285,13.07592869,2016-06-24,"12:38:43",2016-06-24 12:38:43,2016-06-23 15:48:44,20.8330555555556,FALSE,90,1,0
"73","2016p484154","2016-06-28T03:17:34.822Z",174.553299,-40.46250153,3.472038397,64.13944244,2016-06-28,"03:17:34",2016-06-28 03:17:34,2016-06-24 12:38:43,86.6475,FALSE,91,1,0
"74","2016p489594","2016-06-30T03:35:59.437Z",174.3594971,-40.19781876,3.237087291,16.48026657,2016-06-30,"03:35:59",2016-06-30 03:35:59,2016-06-29 08:41:48,18.9030555555556,FALSE,93,1,0
"75","2016p500086","2016-07-04T00:45:50.521Z",174.0172577,-41.70619583,4.571879794,9.389575005,2016-07-04,"00:45:50",2016-07-04 00:45:50,2016-06-30 03:35:59,93.1641666666667,FALSE,94,1,0
"76","2016p504912","2016-07-05T19:37:33.662Z",171.9709473,-41.76927185,3.181705731,5.368735313,2016-07-05,"19:37:33",2016-07-05 19:37:33,2016-07-04 21:46:11,21.8561111111111,FALSE,96,1,0
"77","2016p510723","2016-07-07T23:13:18.111Z",172.9151001,-40.9363327,3.006538856,181.9057617,2016-07-07,"23:13:18",2016-07-07 23:13:18,2016-07-05 19:37:33,51.5958333333333,FALSE,97,1,0
"78","2016p523055","2016-07-12T12:43:47.664Z",173.7305298,-40.89925385,3.484732691,75.76390839,2016-07-12,"12:43:47",2016-07-12 12:43:47,2016-07-07 23:13:18,109.508055555556,FALSE,98,1,0
"79","2016p536235","2016-07-17T09:46:00.742Z",172.5934753,-41.28293991,3.031329758,114.9866791,2016-07-17,"09:46:00",2016-07-17 09:46:00,2016-07-13 04:42:07,101.064722222222,FALSE,100,1,0
"80","2016p542615","2016-07-19T18:25:39.984Z",172.8209839,-41.80269241,3.021564697,64.42922974,2016-07-19,"18:25:39",2016-07-19 18:25:39,2016-07-17 09:46:00,56.6608333333333,FALSE,101,1,0
"81","2016p573056","2016-07-31T00:44:28.640Z",173.7881165,-40.24529266,3.274301458,141.5892944,2016-07-31,"00:44:28",2016-07-31 00:44:28,2016-07-30 10:48:47,13.9280555555556,FALSE,104,1,0
"82","2016p575040","2016-07-31T18:21:29.468Z",174.5302429,-40.73332596,3.001402388,59.36355972,2016-07-31,"18:21:29",2016-07-31 18:21:29,2016-07-31 00:44:28,17.6169444444444,FALSE,105,1,0
"83","2016p580594","2016-08-02T19:40:45.217Z",174.7728424,-39.15839005,3.147649022,207.4460754,2016-08-02,"19:40:45",2016-08-02 19:40:45,2016-07-31 18:21:29,49.3211111111111,FALSE,106,1,0
"84","2016p589481","2016-08-06T02:35:53.844Z",172.2301644,-41.79064038,3.598349017,6.640625,2016-08-06,"02:35:53",2016-08-06 02:35:53,2016-08-05 15:12:19,11.3927777777778,FALSE,108,1,0
"85","2016p595313","2016-08-08T06:22:46.499Z",173.5677185,-41.42208862,3.581518776,61.17631912,2016-08-08,"06:22:46",2016-08-08 06:22:46,2016-08-06 02:35:53,51.7813888888889,FALSE,109,1,0
"86","2016p600676","2016-08-10T06:00:27.253Z",174.1478882,-41.6857605,3.183623442,7.359124184,2016-08-10,"06:00:27",2016-08-10 06:00:27,2016-08-08 06:22:46,47.6280555555556,FALSE,110,1,0
"87","2016p604450","2016-08-11T15:31:14.704Z",175.1224518,-38.85633087,3.47622866,234.289917,2016-08-11,"15:31:14",2016-08-11 15:31:14,2016-08-10 06:00:27,33.5130555555556,FALSE,111,1,0
"88","2016p613561","2016-08-15T00:25:23.184Z",174.4251404,-39.21810913,3.252046088,17.66874695,2016-08-15,"00:25:23",2016-08-15 00:25:23,2016-08-11 15:31:14,80.9025,FALSE,112,1,0
"89","2016p618120","2016-08-16T16:54:35.249Z",174.8618469,-40.12264633,3.238313857,18.73088074,2016-08-16,"16:54:35",2016-08-16 16:54:35,2016-08-15 00:25:23,40.4866666666667,FALSE,113,1,0
"90","2016p631519","2016-08-21T15:53:24.223Z",173.2337952,-40.50629807,3.349225401,151.4616852,2016-08-21,"15:53:24",2016-08-21 15:53:24,2016-08-16 16:54:35,118.980277777778,FALSE,114,1,0
"91","2016p632846","2016-08-22T03:40:28.212Z",174.3283539,-39.6238327,3.991533246,206.0244751,2016-08-22,"03:40:28",2016-08-22 03:40:28,2016-08-21 15:53:24,11.7844444444444,FALSE,115,1,0
"92","2016p643737","2016-08-26T04:23:05.309Z",174.7881012,-40.18906784,3.437422596,9.888186455,2016-08-26,"04:23:05",2016-08-26 04:23:05,2016-08-22 03:40:28,96.7102777777778,FALSE,116,1,0
"93","2016p646948","2016-08-27T08:54:18.979Z",173.3964539,-42.18500137,3.293401213,20.80549812,2016-08-27,"08:54:18",2016-08-27 08:54:18,2016-08-26 04:23:05,28.5202777777778,FALSE,117,1,0
"94","2016p660155","2016-09-01T06:10:41.370Z",175.4901733,-40.67961121,3.208029311,21.72234154,2016-09-01,"06:10:41",2016-09-01 06:10:41,2016-08-27 08:54:18,117.273055555556,FALSE,118,1,0
"95","2016p663826","2016-09-02T14:46:59.951Z",174.5152893,-40.98323822,3.972435394,31.16217995,2016-09-02,"14:46:59",2016-09-02 14:46:59,2016-09-01 06:10:41,32.605,FALSE,119,1,0
"96","2016p680254","2016-09-08T16:39:48.598Z",172.5748138,-41.21160507,3.152493877,5,2016-09-08,"16:39:48",2016-09-08 16:39:48,2016-09-06 04:39:58,59.9972222222222,FALSE,121,1,0
"97","2016p683563","2016-09-09T22:02:49.615Z",173.9271704,-40.49306897,5.077998679,79.53125,2016-09-09,"22:02:49",2016-09-09 22:02:49,2016-09-08 16:39:48,29.3836111111111,FALSE,122,1,0
"98","2016p687759","2016-09-11T11:18:11.641Z",172.2979889,-41.74322128,3.064261763,76.72943878,2016-09-11,"11:18:11",2016-09-11 11:18:11,2016-09-09 22:02:49,37.2561111111111,FALSE,123,1,0
"99","2016p697474","2016-09-15T01:34:08.952Z",173.3692932,-42.31043243,3.277272938,34.79565048,2016-09-15,"01:34:08",2016-09-15 01:34:08,2016-09-11 11:18:11,86.2658333333333,FALSE,124,1,0
"100","2016p711672","2016-09-20T07:39:06.548Z",172.491745,-41.13381577,3.000172664,209.4265289,2016-09-20,"07:39:06",2016-09-20 07:39:06,2016-09-15 01:34:08,126.082777777778,FALSE,125,1,0
"101","2016p719174","2016-09-23T02:16:13.914Z",173.8788757,-42.9812355,3.287523694,12,2016-09-23,"02:16:13",2016-09-23 02:16:13,2016-09-20 07:39:06,66.6186111111111,FALSE,126,1,0
"102","2016p721458","2016-09-23T22:33:24.539Z",174.6114349,-41.07002258,3.003583401,25.02283669,2016-09-23,"22:33:24",2016-09-23 22:33:24,2016-09-23 02:16:13,20.2863888888889,FALSE,127,1,0
"103","2016p724483","2016-09-25T01:24:45.694Z",173.6131439,-40.3011322,3.008776733,157.3399811,2016-09-25,"01:24:45",2016-09-25 01:24:45,2016-09-23 22:33:24,26.8558333333333,FALSE,128,1,0
"104","2016p730918","2016-09-27T10:33:24.542Z",171.5956421,-41.84646225,3.256871663,5.576613426,2016-09-27,"10:33:24",2016-09-27 10:33:24,2016-09-25 01:24:45,57.1441666666667,FALSE,129,1,0
"105","2016p734799","2016-09-28T21:01:15.997Z",173.4284668,-40.2194252,3.0146923,164.7925262,2016-09-28,"21:01:15",2016-09-28 21:01:15,2016-09-27 10:33:24,34.4641666666667,FALSE,130,1,0
"106","2016p739375","2016-09-30T13:39:04.220Z",174.0548859,-40.43501663,3.388917277,87.17918396,2016-09-30,"13:39:04",2016-09-30 13:39:04,2016-09-28 21:01:15,40.6302777777778,FALSE,131,1,0
"107","2016p740427","2016-09-30T22:59:44.476Z",174.5964966,-41.09365463,4.264976904,33.80489349,2016-09-30,"22:59:44",2016-09-30 22:59:44,2016-09-30 13:39:04,9.34444444444444,FALSE,132,1,0
"108","2016p742477","2016-10-01T17:11:55.806Z",173.7753448,-41.75974274,3.327120984,10.86125565,2016-10-01,"17:11:55",2016-10-01 17:11:55,2016-09-30 22:59:44,18.2030555555556,FALSE,133,1,0
"109","2016p778331","2016-10-14T23:34:44.810Z",174.8096619,-39.11053467,3.71780796,201.4738617,2016-10-14,"23:34:44",2016-10-14 23:34:44,2016-10-01 17:11:55,318.380277777778,FALSE,134,1,0
"110","2016p785276","2016-10-17T13:15:15.845Z",174.5037842,-40.38776779,4.219517127,73.1680603,2016-10-17,"13:15:15",2016-10-17 13:15:15,2016-10-14 23:34:44,61.6752777777778,FALSE,135,1,0
"111","2016p786597","2016-10-18T00:59:17.593Z",173.77388,-39.93143845,3.035187995,211.0661774,2016-10-18,"00:59:17",2016-10-18 00:59:17,2016-10-17 13:15:15,11.7338888888889,FALSE,136,1,0
"112","2016p794356","2016-10-20T21:53:10.860Z",173.3531799,-40.48057556,4.017965861,137.5159454,2016-10-20,"21:53:10",2016-10-20 21:53:10,2016-10-19 00:35:43,45.2908333333333,FALSE,138,1,0
"113","2016p801740","2016-10-23T15:27:30.492Z",171.6951447,-42.72756195,3.042798592,5,2016-10-23,"15:27:30",2016-10-23 15:27:30,2016-10-20 21:53:10,65.5722222222222,FALSE,139,1,0
"114","2016p814320","2016-10-28T07:10:04.225Z",174.7220154,-39.10678101,3.248185264,223.046524,2016-10-28,"07:10:04",2016-10-28 07:10:04,2016-10-26 05:18:01,49.8675,FALSE,141,1,0
"115","2016p817836","2016-10-29T14:23:06.071Z",174.640686,-38.58462524,3.097794951,15.43393135,2016-10-29,"14:23:06",2016-10-29 14:23:06,2016-10-28 22:38:59,15.7352777777778,FALSE,143,1,0
"116","2016p830365","2016-11-03T05:39:00.390Z",174.9382782,-39.3299675,3.021428108,13.24257278,2016-11-03,"05:39:00",2016-11-03 05:39:00,2016-10-31 20:35:06,57.065,FALSE,145,1,0
"117","2016p831374","2016-11-03T14:36:13.744Z",174.5876798,-41.0574323,4.421959624,36.640625,2016-11-03,"14:36:13",2016-11-03 14:36:13,2016-11-03 05:39:00,8.95361111111111,FALSE,146,1,0
"118","2016p850685","2016-11-10T18:05:14.093Z",174.624098,-40.67070055,3.865859501,42.03125,2016-11-10,"18:05:14",2016-11-10 18:05:14,2016-11-07 23:33:42,66.5255555555556,FALSE,148,1,0
"119","2016p973497","2016-12-26T04:39:16.457Z",173.5591559,-42.20676491,3.552031308,8.984375,2016-12-26,"04:39:16",2016-12-26 04:39:16,2016-12-25 16:57:44,11.6922222222222,FALSE,161,1,0
"120","2017p025461","2017-01-10T10:05:55.335Z",174.1348724,-41.77972794,3.022968044,11.75030613,2017-01-10,"10:05:55",2017-01-10 10:05:55,2017-01-09 04:44:57,29.3494444444444,FALSE,172,1,0
"121","2017p062171","2017-01-24T00:05:09.855Z",174.2846433,-41.70573749,3.061509232,16.953125,2017-01-24,"00:05:09",2017-01-24 00:05:09,2017-01-23 06:16:39,17.8083333333333,FALSE,186,1,0
"122","2017p077159","2017-01-29T13:10:23.619Z",174.429034,-41.62656938,3.821523118,23.046875,2017-01-29,"13:10:23",2017-01-29 13:10:23,2017-01-29 02:22:19,10.8011111111111,FALSE,192,1,0
"123","2017p080124","2017-01-30T15:30:07.594Z",174.1302185,-41.69889832,3.063389535,9.118070602,2017-01-30,"15:30:07",2017-01-30 15:30:07,2017-01-30 07:25:59,8.06888888888889,FALSE,194,1,0
"124","2017p099124","2017-02-06T16:13:34.290Z",174.6032562,-39.6257515,3.469103167,123.499321,2017-02-06,"16:13:34",2017-02-06 16:13:34,2017-02-06 05:12:22,11.02,FALSE,202,1,0
"125","2017p106359","2017-02-09T08:28:31.649Z",173.285411,-42.39406117,3.705223499,5.703125,2017-02-09,"08:28:31",2017-02-09 08:28:31,2017-02-08 01:03:39,31.4144444444444,FALSE,205,1,0
"126","2017p115739","2017-02-12T19:46:00.825Z",172.6203241,-42.58842991,3.945945899,13.203125,2017-02-12,"19:46:00",2017-02-12 19:46:00,2017-02-12 11:15:13,8.51305555555555,FALSE,210,1,0
"127","2017p125956","2017-02-16T14:29:28.961Z",173.725296,-42.15684891,3.234654845,13.35744381,2017-02-16,"14:29:28",2017-02-16 14:29:28,2017-02-16 05:52:07,8.6225,FALSE,215,1,0
"128","2017p130131","2017-02-18T03:33:59.040Z",174.4490364,-41.10670184,3.126165392,35.234375,2017-02-18,"03:33:59",2017-02-18 03:33:59,2017-02-17 14:20:10,13.2302777777778,FALSE,217,1,0
"129","2017p155032","2017-02-27T08:41:06.603Z",174.1664124,-41.71723175,3.637460521,8.869722366,2017-02-27,"08:41:06",2017-02-27 08:41:06,2017-02-25 09:26:13,47.2480555555556,FALSE,223,1,0
"130","2017p156863","2017-02-28T00:56:58.182Z",174.1084595,-41.82071686,3.341658922,43.48878098,2017-02-28,"00:56:58",2017-02-28 00:56:58,2017-02-27 08:41:06,16.2644444444444,FALSE,224,1,0
"131","2017p177033","2017-03-07T12:03:25.311Z",173.5303802,-42.1978569,3.208480757,8.154353142,2017-03-07,"12:03:25",2017-03-07 12:03:25,2017-03-05 21:23:23,38.6672222222222,FALSE,230,1,0
"132","2017p180727","2017-03-08T20:51:25.154Z",173.0913391,-42.98164749,4.070532501,7.243303776,2017-03-08,"20:51:25",2017-03-08 20:51:25,2017-03-08 12:13:11,8.63722222222222,FALSE,232,1,0
"133","2017p189038","2017-03-11T22:39:35.953Z",174.1766663,-41.72523499,3.492405621,6.563145638,2017-03-11,"22:39:35",2017-03-11 22:39:35,2017-03-11 11:02:39,11.6155555555556,FALSE,237,1,0
